-- phpMyAdmin SQL Dump
-- version 4.6.4
-- https://www.phpmyadmin.net/
--
-- Host: 127.0.0.1
-- Generation Time: Jun 01, 2017 at 08:06 AM
-- Server version: 5.7.14
-- PHP Version: 7.0.10

SET SQL_MODE = "NO_AUTO_VALUE_ON_ZERO";
SET time_zone = "+00:00";


/*!40101 SET @OLD_CHARACTER_SET_CLIENT=@@CHARACTER_SET_CLIENT */;
/*!40101 SET @OLD_CHARACTER_SET_RESULTS=@@CHARACTER_SET_RESULTS */;
/*!40101 SET @OLD_COLLATION_CONNECTION=@@COLLATION_CONNECTION */;
/*!40101 SET NAMES utf8mb4 */;

--
-- Database: `boozingo`
--

-- --------------------------------------------------------

--
-- Table structure for table `bars`
--

CREATE TABLE `bars` (
  `id` int(10) UNSIGNED NOT NULL,
  `bar_name` varchar(100) COLLATE utf8_unicode_ci NOT NULL,
  `bar_details` varchar(200) COLLATE utf8_unicode_ci NOT NULL,
  `bar_cost` int(11) NOT NULL,
  `bar_geolocation` varchar(50) COLLATE utf8_unicode_ci DEFAULT NULL,
  `created_at` timestamp NULL DEFAULT NULL,
  `updated_at` timestamp NULL DEFAULT NULL,
  `locality_id` int(10) UNSIGNED NOT NULL,
  `bar_time` varchar(30) COLLATE utf8_unicode_ci NOT NULL DEFAULT 'N/A',
  `bar_contact` int(11) NOT NULL DEFAULT '0',
  `bar_working_day` varchar(50) COLLATE utf8_unicode_ci NOT NULL DEFAULT 'N/A',
  `bar_booze_served` varchar(200) COLLATE utf8_unicode_ci NOT NULL DEFAULT 'N/A',
  `bar_food` varchar(50) COLLATE utf8_unicode_ci NOT NULL DEFAULT 'N/A',
  `bar_sitting_facility` varchar(20) COLLATE utf8_unicode_ci NOT NULL,
  `bar_music` varchar(20) COLLATE utf8_unicode_ci NOT NULL,
  `bar_payment` varchar(30) COLLATE utf8_unicode_ci NOT NULL,
  `bar_ac` varchar(20) COLLATE utf8_unicode_ci NOT NULL
) ENGINE=InnoDB DEFAULT CHARSET=utf8 COLLATE=utf8_unicode_ci;

-- --------------------------------------------------------

--
-- Table structure for table `bar_images`
--

CREATE TABLE `bar_images` (
  `id` int(10) UNSIGNED NOT NULL,
  `bar_id` int(10) UNSIGNED NOT NULL,
  `bar_images` text COLLATE utf8_unicode_ci NOT NULL,
  `created_at` timestamp NULL DEFAULT NULL,
  `updated_at` timestamp NULL DEFAULT NULL
) ENGINE=InnoDB DEFAULT CHARSET=utf8 COLLATE=utf8_unicode_ci;

-- --------------------------------------------------------

--
-- Table structure for table `beer_shops`
--

CREATE TABLE `beer_shops` (
  `id` int(10) UNSIGNED NOT NULL,
  `beer_shop_name` varchar(100) COLLATE utf8_unicode_ci NOT NULL,
  `beer_shop_address` varchar(100) COLLATE utf8_unicode_ci NOT NULL,
  `beer_shop_sttractions` varchar(150) COLLATE utf8_unicode_ci NOT NULL,
  `beer_shop_details` text COLLATE utf8_unicode_ci NOT NULL,
  `beer_shop_cost` int(11) NOT NULL,
  `beer_shop_geolocation` varchar(100) COLLATE utf8_unicode_ci DEFAULT NULL,
  `locality_id` int(10) UNSIGNED NOT NULL,
  `created_at` timestamp NULL DEFAULT NULL,
  `updated_at` timestamp NULL DEFAULT NULL
) ENGINE=InnoDB DEFAULT CHARSET=utf8 COLLATE=utf8_unicode_ci;

-- --------------------------------------------------------

--
-- Table structure for table `beer_shops_images`
--

CREATE TABLE `beer_shops_images` (
  `id` int(10) UNSIGNED NOT NULL,
  `beer_shop_id` int(10) UNSIGNED NOT NULL,
  `beer_shop_images` text COLLATE utf8_unicode_ci NOT NULL,
  `created_at` timestamp NULL DEFAULT NULL,
  `updated_at` timestamp NULL DEFAULT NULL
) ENGINE=InnoDB DEFAULT CHARSET=utf8 COLLATE=utf8_unicode_ci;

-- --------------------------------------------------------

--
-- Table structure for table `categories`
--

CREATE TABLE `categories` (
  `id` int(10) UNSIGNED NOT NULL,
  `parent_id` int(10) UNSIGNED DEFAULT NULL,
  `order` int(11) NOT NULL DEFAULT '1',
  `name` varchar(191) COLLATE utf8mb4_unicode_ci NOT NULL,
  `slug` varchar(191) COLLATE utf8mb4_unicode_ci NOT NULL,
  `created_at` timestamp NULL DEFAULT NULL,
  `updated_at` timestamp NULL DEFAULT NULL
) ENGINE=InnoDB DEFAULT CHARSET=utf8mb4 COLLATE=utf8mb4_unicode_ci ROW_FORMAT=DYNAMIC;

-- --------------------------------------------------------

--
-- Table structure for table `cities`
--

CREATE TABLE `cities` (
  `id` int(10) UNSIGNED NOT NULL,
  `city_name` varchar(100) COLLATE utf8_unicode_ci NOT NULL,
  `city_image` varchar(150) COLLATE utf8_unicode_ci NOT NULL,
  `created_at` timestamp NULL DEFAULT NULL,
  `updated_at` timestamp NULL DEFAULT NULL
) ENGINE=InnoDB DEFAULT CHARSET=utf8 COLLATE=utf8_unicode_ci;

--
-- Dumping data for table `cities`
--

INSERT INTO `cities` (`id`, `city_name`, `city_image`, `created_at`, `updated_at`) VALUES
(3, 'delhi', 'cities/May2017/UoEaaiCau6uCFBLYr22T.jpg', '2017-05-21 06:15:38', '2017-05-21 06:15:38');

-- --------------------------------------------------------

--
-- Table structure for table `data_rows`
--

CREATE TABLE `data_rows` (
  `id` int(10) UNSIGNED NOT NULL,
  `data_type_id` int(10) UNSIGNED NOT NULL,
  `field` varchar(191) COLLATE utf8mb4_unicode_ci NOT NULL,
  `type` varchar(191) COLLATE utf8mb4_unicode_ci NOT NULL,
  `display_name` varchar(191) COLLATE utf8mb4_unicode_ci NOT NULL,
  `required` tinyint(1) NOT NULL DEFAULT '0',
  `browse` tinyint(1) NOT NULL DEFAULT '1',
  `read` tinyint(1) NOT NULL DEFAULT '1',
  `edit` tinyint(1) NOT NULL DEFAULT '1',
  `add` tinyint(1) NOT NULL DEFAULT '1',
  `delete` tinyint(1) NOT NULL DEFAULT '1',
  `details` text COLLATE utf8mb4_unicode_ci,
  `order` int(11) NOT NULL DEFAULT '1'
) ENGINE=InnoDB DEFAULT CHARSET=utf8mb4 COLLATE=utf8mb4_unicode_ci ROW_FORMAT=DYNAMIC;

--
-- Dumping data for table `data_rows`
--

INSERT INTO `data_rows` (`id`, `data_type_id`, `field`, `type`, `display_name`, `required`, `browse`, `read`, `edit`, `add`, `delete`, `details`, `order`) VALUES
(1, 1, 'id', 'number', 'ID', 1, 0, 0, 0, 0, 0, '', 1),
(2, 1, 'author_id', 'text', 'Author', 1, 0, 1, 1, 0, 1, '', 2),
(3, 1, 'category_id', 'text', 'Category', 1, 0, 1, 1, 1, 0, '', 3),
(4, 1, 'title', 'text', 'Title', 1, 1, 1, 1, 1, 1, '', 4),
(5, 1, 'excerpt', 'text_area', 'excerpt', 1, 0, 1, 1, 1, 1, '', 5),
(6, 1, 'body', 'rich_text_box', 'Body', 1, 0, 1, 1, 1, 1, '', 6),
(7, 1, 'image', 'image', 'Post Image', 0, 1, 1, 1, 1, 1, '\n{\n    "resize": {\n        "width": "1000",\n        "height": "null"\n    },\n    "quality": "70%",\n    "upsize": true,\n    "thumbnails": [\n        {\n            "name": "medium",\n            "scale": "50%"\n        },\n        {\n            "name": "small",\n            "scale": "25%"\n        },\n        {\n            "name": "cropped",\n            "crop": {\n                "width": "300",\n                "height": "250"\n            }\n        }\n    ]\n}', 7),
(8, 1, 'slug', 'text', 'slug', 1, 0, 1, 1, 1, 1, '\n{\n    "slugify": {\n        "origin": "title",\n        "forceUpdate": true\n    }\n}', 8),
(9, 1, 'meta_description', 'text_area', 'meta_description', 1, 0, 1, 1, 1, 1, '', 9),
(10, 1, 'meta_keywords', 'text_area', 'meta_keywords', 1, 0, 1, 1, 1, 1, '', 10),
(11, 1, 'status', 'select_dropdown', 'status', 1, 1, 1, 1, 1, 1, '\n{\n    "default": "DRAFT",\n    "options": {\n        "PUBLISHED": "published",\n        "DRAFT": "draft",\n        "PENDING": "pending"\n    }\n}', 11),
(12, 1, 'created_at', 'timestamp', 'created_at', 0, 1, 1, 0, 0, 0, '', 12),
(13, 1, 'updated_at', 'timestamp', 'updated_at', 0, 0, 0, 0, 0, 0, '', 13),
(14, 2, 'id', 'number', 'id', 1, 0, 0, 0, 0, 0, '', 1),
(15, 2, 'author_id', 'text', 'author_id', 1, 0, 0, 0, 0, 0, '', 2),
(16, 2, 'title', 'text', 'title', 1, 1, 1, 1, 1, 1, '', 3),
(17, 2, 'excerpt', 'text_area', 'excerpt', 1, 0, 1, 1, 1, 1, '', 4),
(18, 2, 'body', 'rich_text_box', 'body', 1, 0, 1, 1, 1, 1, '', 5),
(19, 2, 'slug', 'text', 'slug', 1, 0, 1, 1, 1, 1, '{"slugify":{"origin":"title"}}', 6),
(20, 2, 'meta_description', 'text', 'meta_description', 1, 0, 1, 1, 1, 1, '', 7),
(21, 2, 'meta_keywords', 'text', 'meta_keywords', 1, 0, 1, 1, 1, 1, '', 8),
(22, 2, 'status', 'select_dropdown', 'status', 1, 1, 1, 1, 1, 1, '{"default":"INACTIVE","options":{"INACTIVE":"INACTIVE","ACTIVE":"ACTIVE"}}', 9),
(23, 2, 'created_at', 'timestamp', 'created_at', 1, 1, 1, 0, 0, 0, '', 10),
(24, 2, 'updated_at', 'timestamp', 'updated_at', 1, 0, 0, 0, 0, 0, '', 11),
(25, 2, 'image', 'image', 'image', 0, 1, 1, 1, 1, 1, '', 12),
(26, 3, 'id', 'number', 'id', 1, 0, 0, 0, 0, 0, '', 1),
(27, 3, 'name', 'text', 'name', 1, 1, 1, 1, 1, 1, '', 2),
(28, 3, 'email', 'text', 'email', 1, 1, 1, 1, 1, 1, '', 3),
(29, 3, 'password', 'password', 'password', 1, 0, 0, 1, 1, 0, '', 4),
(30, 3, 'remember_token', 'text', 'remember_token', 0, 0, 0, 0, 0, 0, '', 5),
(31, 3, 'created_at', 'timestamp', 'created_at', 0, 1, 1, 0, 0, 0, '', 6),
(32, 3, 'updated_at', 'timestamp', 'updated_at', 0, 0, 0, 0, 0, 0, '', 7),
(33, 3, 'avatar', 'image', 'avatar', 0, 1, 1, 1, 1, 1, '', 8),
(34, 5, 'id', 'number', 'id', 1, 0, 0, 0, 0, 0, '', 1),
(35, 5, 'name', 'text', 'name', 1, 1, 1, 1, 1, 1, '', 2),
(36, 5, 'created_at', 'timestamp', 'created_at', 0, 0, 0, 0, 0, 0, '', 3),
(37, 5, 'updated_at', 'timestamp', 'updated_at', 0, 0, 0, 0, 0, 0, '', 4),
(38, 4, 'id', 'number', 'id', 1, 0, 0, 0, 0, 0, '', 1),
(39, 4, 'parent_id', 'select_dropdown', 'parent_id', 0, 0, 1, 1, 1, 1, '{"default":"","null":"","options":{"":"-- None --"},"relationship":{"key":"id","label":"name"}}', 2),
(40, 4, 'order', 'text', 'order', 1, 1, 1, 1, 1, 1, '{"default":1}', 3),
(41, 4, 'name', 'text', 'name', 1, 1, 1, 1, 1, 1, '', 4),
(42, 4, 'slug', 'text', 'slug', 1, 1, 1, 1, 1, 1, '', 5),
(43, 4, 'created_at', 'timestamp', 'created_at', 0, 0, 1, 0, 0, 0, '', 6),
(44, 4, 'updated_at', 'timestamp', 'updated_at', 0, 0, 0, 0, 0, 0, '', 7),
(45, 6, 'id', 'number', 'id', 1, 0, 0, 0, 0, 0, '', 1),
(46, 6, 'name', 'text', 'Name', 1, 1, 1, 1, 1, 1, '', 2),
(47, 6, 'created_at', 'timestamp', 'created_at', 0, 0, 0, 0, 0, 0, '', 3),
(48, 6, 'updated_at', 'timestamp', 'updated_at', 0, 0, 0, 0, 0, 0, '', 4),
(49, 6, 'display_name', 'text', 'Display Name', 1, 1, 1, 1, 1, 1, '', 5),
(50, 1, 'seo_title', 'text', 'seo_title', 0, 1, 1, 1, 1, 1, '', 14),
(51, 1, 'featured', 'checkbox', 'featured', 1, 1, 1, 1, 1, 1, '', 15),
(52, 3, 'role_id', 'text', 'role_id', 1, 1, 1, 1, 1, 1, '', 9),
(54, 9, 'id', 'number', 'Id', 1, 0, 0, 0, 0, 0, NULL, 1),
(55, 9, 'image_purpose', 'text_area', 'Image Purpose', 1, 1, 1, 1, 1, 1, NULL, 2),
(56, 9, 'img_url', 'image', 'Img Url', 1, 1, 1, 1, 1, 1, NULL, 3),
(57, 9, 'created_at', 'timestamp', 'Created At', 0, 1, 1, 1, 0, 1, NULL, 4),
(58, 9, 'updated_at', 'timestamp', 'Updated At', 0, 0, 0, 0, 0, 0, NULL, 5),
(91, 16, 'bar_id', 'number', 'Bar Id', 1, 0, 0, 0, 0, 0, NULL, 1),
(92, 16, 'bar_name', 'text', 'Bar Name', 1, 1, 1, 1, 1, 1, NULL, 3),
(93, 16, 'bar_address', 'text_area', 'Bar Address', 1, 1, 1, 1, 1, 1, NULL, 4),
(94, 16, 'bar_attractions', 'text_area', 'Bar Attractions', 1, 1, 1, 1, 1, 1, NULL, 5),
(95, 16, 'bar_details', 'text_area', 'Bar Details', 1, 1, 1, 1, 1, 1, NULL, 6),
(96, 16, 'bar_cost', 'number', 'Bar Cost', 1, 1, 1, 1, 1, 1, NULL, 7),
(97, 16, 'bar_geolocation', 'text', 'Bar Geolocation', 1, 1, 1, 1, 1, 1, NULL, 8),
(98, 16, 'locality_id', 'number', 'Locality Id', 1, 1, 1, 1, 1, 1, NULL, 2),
(104, 18, 'id', 'number', 'Id', 1, 0, 0, 0, 0, 0, NULL, 1),
(105, 18, 'purpose', 'radio_btn', 'Purpose', 0, 1, 1, 1, 1, 1, '{"default":"offer","options":{"main_banner":"banner image","offer":"offers image","ads":"ads image"}}', 2),
(106, 18, 'image_url', 'image', 'Image Url', 0, 1, 1, 1, 1, 1, '{"quality":"80%"}', 3),
(107, 18, 'created_at', 'timestamp', 'Created At', 0, 1, 1, 1, 0, 1, NULL, 4),
(108, 18, 'updated_at', 'timestamp', 'Updated At', 0, 0, 0, 0, 0, 0, NULL, 5),
(114, 20, 'city_id', 'number', 'City Id', 1, 0, 0, 0, 0, 0, NULL, 1),
(115, 20, 'city_name', 'text', 'City Name', 1, 1, 1, 1, 1, 1, NULL, 2),
(116, 20, 'city_image', 'image', 'City Image', 1, 1, 1, 1, 1, 1, NULL, 3),
(117, 20, 'created_at', 'timestamp', 'Created At', 0, 1, 1, 1, 0, 1, NULL, 4),
(118, 20, 'updated_at', 'timestamp', 'Updated At', 0, 0, 0, 0, 0, 0, NULL, 5),
(120, 21, 'locality_name', 'text', 'Locality Name', 1, 1, 1, 1, 1, 1, NULL, 3),
(121, 21, 'city_id', 'select_dropdown', 'City Id', 1, 1, 1, 1, 1, 1, '{"relationship":{"key":"id","label":"city_name","page_slug":"admin/cities"}}', 2),
(122, 21, 'created_at', 'timestamp', 'Created At', 0, 1, 1, 1, 0, 1, NULL, 4),
(123, 21, 'updated_at', 'timestamp', 'Updated At', 0, 0, 0, 0, 0, 0, NULL, 5),
(125, 22, 'bar_name', 'text', 'Bar Name', 1, 1, 1, 1, 1, 1, NULL, 3),
(126, 22, 'bar_address', 'text', 'Bar Address', 1, 1, 1, 1, 1, 1, NULL, 4),
(128, 22, 'bar_details', 'text_area', 'Bar Details', 1, 1, 1, 1, 1, 1, NULL, 5),
(129, 22, 'bar_cost', 'number', 'Bar Cost', 1, 1, 1, 1, 1, 1, NULL, 6),
(130, 22, 'bar_geolocation', 'text', 'Bar Geolocation', 0, 1, 1, 1, 1, 1, NULL, 7),
(131, 23, 'id', 'number', 'Id', 1, 0, 0, 0, 0, 0, NULL, 1),
(132, 23, 'bar_id', 'select_dropdown', 'Bar Id', 1, 1, 1, 1, 1, 1, '{"relationship":{"key":"id","label":"bar_address","page_slug":"admin/bars"}}', 2),
(133, 23, 'bar_images', 'multiple_images', 'Bar Images', 1, 1, 1, 1, 1, 1, '{"quality":"80%"}', 3),
(134, 23, 'created_at', 'timestamp', 'Created At', 0, 1, 1, 1, 0, 1, NULL, 4),
(135, 23, 'updated_at', 'timestamp', 'Updated At', 0, 0, 0, 0, 0, 0, NULL, 5),
(137, 24, 'lounge_name', 'text', 'Lounge Name', 1, 1, 1, 1, 1, 1, NULL, 3),
(138, 24, 'lounge_address', 'text', 'Lounge Address', 1, 1, 1, 1, 1, 1, NULL, 4),
(139, 24, 'lounge_attractions', 'text_area', 'Lounge Attractions', 1, 1, 1, 1, 1, 1, NULL, 5),
(140, 24, 'lounge_details', 'text_area', 'Lounge Details', 1, 1, 1, 1, 1, 1, NULL, 6),
(141, 24, 'lounge_cost', 'number', 'Lounge Cost', 1, 1, 1, 1, 1, 1, NULL, 7),
(142, 24, 'lounge_geolocation', 'text', 'Lounge Geolocation', 0, 1, 1, 1, 1, 1, NULL, 8),
(143, 24, 'locality_id', 'select_dropdown', 'Locality Id', 1, 1, 1, 1, 1, 1, '{"relationship":{"key":"id","label":"locality_name","page_slug":"admin/localities"}}', 2),
(144, 24, 'created_at', 'timestamp', 'Created At', 0, 1, 1, 1, 0, 1, NULL, 9),
(145, 24, 'updated_at', 'timestamp', 'Updated At', 0, 0, 0, 0, 0, 0, NULL, 10),
(146, 25, 'id', 'number', 'Id', 1, 0, 0, 0, 0, 0, NULL, 1),
(147, 25, 'lounge_id', 'select_dropdown', 'Lounge Id', 1, 1, 1, 1, 1, 1, '{"relationship":{"key":"id","label":"lounge_address","page_slug":"admin/lounges"}}', 2),
(149, 25, 'created_at', 'timestamp', 'Created At', 0, 1, 1, 1, 0, 1, NULL, 4),
(150, 25, 'updated_at', 'timestamp', 'Updated At', 0, 0, 0, 0, 0, 0, NULL, 5),
(152, 26, 'pub_name', 'text', 'Pub Name', 1, 1, 1, 1, 1, 1, NULL, 3),
(153, 26, 'pub_address', 'text', 'Pub Address', 1, 1, 1, 1, 1, 1, NULL, 4),
(154, 26, 'pub_attractions', 'text_area', 'Pub Attractions', 1, 1, 1, 1, 1, 1, NULL, 5),
(155, 26, 'pub_details', 'text_area', 'Pub Details', 1, 1, 1, 1, 1, 1, NULL, 6),
(156, 26, 'pub_cost', 'number', 'Pub Cost', 1, 1, 1, 1, 1, 1, NULL, 7),
(157, 26, 'pub_geolocation', 'text', 'Pub Geolocation', 0, 1, 1, 1, 1, 1, NULL, 8),
(158, 26, 'locality_id', 'select_dropdown', 'Locality Id', 1, 1, 1, 1, 1, 1, '{"relationship":{"key":"id","label":"locality_name","page_slug":"admin/localities"}}', 2),
(159, 26, 'created_at', 'timestamp', 'Created At', 0, 1, 1, 1, 0, 1, NULL, 9),
(160, 26, 'updated_at', 'timestamp', 'Updated At', 0, 0, 0, 0, 0, 0, NULL, 10),
(161, 27, 'id', 'number', 'Id', 1, 0, 0, 0, 0, 0, NULL, 1),
(162, 27, 'pub_id', 'select_dropdown', 'Pub Id', 1, 1, 1, 1, 1, 1, '{"relationship":{"key":"id","label":"pub_address","page_slug":"admin/pubs"}}', 2),
(163, 27, 'pub_images', 'multiple_images', 'Pub Images', 1, 1, 1, 1, 1, 1, '{"quality":"80%"}', 3),
(164, 27, 'created_at', 'timestamp', 'Created At', 0, 1, 1, 1, 0, 1, NULL, 4),
(165, 27, 'updated_at', 'timestamp', 'Updated At', 0, 0, 0, 0, 0, 0, NULL, 5),
(166, 25, 'lounge_images', 'multiple_images', 'Lounge Images', 1, 1, 1, 1, 1, 1, '{"quality":"80%"}', 3),
(174, 28, 'locality_id', 'select_dropdown', 'Locality Id', 1, 1, 1, 1, 1, 1, '{"relationship":{"key":"id","label":"locality_name","page_slug":"admin/localities"}}', 2),
(175, 28, 'created_at', 'timestamp', 'Created At', 0, 1, 1, 1, 0, 1, NULL, 9),
(176, 28, 'updated_at', 'timestamp', 'Updated At', 0, 0, 0, 0, 0, 0, NULL, 10),
(184, 29, 'locality_id', 'select_dropdown', 'Locality Id', 1, 1, 1, 1, 1, 1, '{"relationship":{"key":"id","label":"locality_name","page_slug":"admin/localities"}}', 2),
(185, 29, 'created_at', 'timestamp', 'Created At', 0, 1, 1, 1, 0, 1, NULL, 9),
(186, 29, 'updated_at', 'timestamp', 'Updated At', 0, 0, 0, 0, 0, 0, NULL, 10),
(187, 30, 'id', 'number', 'Id', 1, 0, 0, 0, 0, 0, NULL, 1),
(188, 30, 'model_shop_id', 'select_dropdown', 'Model Shop Id', 1, 1, 1, 1, 1, 1, '{"relationship":{"key":"id","label":"model_shop_address","page_slug":"admin/model-shops"}}', 2),
(189, 30, 'model_shop_images', 'multiple_images', 'Model Shop Images', 1, 1, 1, 1, 1, 1, '{"quality":"80%"}', 3),
(190, 30, 'created_at', 'timestamp', 'Created At', 0, 1, 1, 1, 0, 1, NULL, 4),
(191, 30, 'updated_at', 'timestamp', 'Updated At', 0, 0, 0, 0, 0, 0, NULL, 5),
(192, 31, 'id', 'number', 'Id', 1, 0, 0, 0, 0, 0, NULL, 1),
(193, 31, 'beer_shop_id', 'select_dropdown', 'Beer Shop Id', 1, 1, 1, 1, 1, 1, '{"relationship":{"key":"id","label":"beer_shop_address","page_slug":"admin/beer-shops"}}', 2),
(194, 31, 'beer_shop_images', 'multiple_images', 'Beer Shop Images', 1, 1, 1, 1, 1, 1, '{"quality":"80%"}', 3),
(195, 31, 'created_at', 'timestamp', 'Created At', 0, 1, 1, 1, 0, 1, NULL, 4),
(196, 31, 'updated_at', 'timestamp', 'Updated At', 0, 0, 0, 0, 0, 0, NULL, 5),
(197, 32, 'id', 'number', 'Id', 1, 0, 0, 0, 0, 0, NULL, 1),
(198, 32, 'Liquor_shop_id', 'select_dropdown', 'Liquor Shop Id', 1, 1, 1, 1, 1, 1, '{"relationship":{"key":"id","label":"liquor_shop_address","page_slug":"admin/liquor-shops"}}', 2),
(199, 32, 'Liquor_shop_images', 'multiple_images', 'Liquor Shop Images', 1, 1, 1, 1, 1, 1, '{"quality":"80%"}', 3),
(200, 32, 'created_at', 'timestamp', 'Created At', 0, 1, 1, 1, 0, 1, NULL, 4),
(201, 32, 'updated_at', 'timestamp', 'Updated At', 0, 0, 0, 0, 0, 0, NULL, 5),
(203, 33, 'Liquor_shop_name', 'text', 'Liquor Shop Name', 1, 1, 1, 1, 1, 1, NULL, 3),
(204, 33, 'Liquor_shop_address', 'text', 'Liquor Shop Address', 1, 1, 1, 1, 1, 1, NULL, 4),
(205, 33, 'Liquor_shop_attractions', 'text_area', 'Liquor Shop Attractions', 1, 1, 1, 1, 1, 1, NULL, 5),
(206, 33, 'Liquor_shop_details', 'text_area', 'Liquor Shop Details', 1, 1, 1, 1, 1, 1, NULL, 6),
(207, 33, 'Liquor_shop_cost', 'number', 'Liquor Shop Cost', 1, 1, 1, 1, 1, 1, NULL, 7),
(208, 33, 'Liquor_shop_geolocation', 'text', 'Liquor Shop Geolocation', 0, 1, 1, 1, 1, 1, NULL, 8),
(209, 33, 'locality_id', 'select_dropdown', 'Locality Id', 1, 1, 1, 1, 1, 1, '{"relationship":{"key":"id","label":"locality_name","page_slug":"admin/localities"}}', 2),
(210, 33, 'created_at', 'timestamp', 'Created At', 0, 1, 1, 1, 0, 1, NULL, 9),
(211, 33, 'updated_at', 'timestamp', 'Updated At', 0, 0, 0, 0, 0, 0, NULL, 10),
(212, 21, 'id', 'checkbox', 'Id', 1, 0, 0, 0, 0, 0, NULL, 1),
(213, 22, 'id', 'number', 'Id', 1, 0, 0, 0, 0, 0, NULL, 1),
(214, 22, 'created_at', 'timestamp', 'Created At', 0, 1, 1, 1, 0, 1, NULL, 8),
(215, 22, 'updated_at', 'timestamp', 'Updated At', 0, 0, 0, 0, 0, 0, NULL, 9),
(216, 22, 'locality_id', 'select_dropdown', 'Locality Id', 1, 1, 1, 1, 1, 1, '{"relationship":{"key":"id","label":"locality_name","page_slug":"admin/localities"}}', 2),
(217, 24, 'id', 'number', 'Id', 1, 0, 0, 0, 0, 0, NULL, 1),
(218, 26, 'id', 'number', 'Id', 1, 0, 0, 0, 0, 0, NULL, 1),
(219, 29, 'id', 'number', 'Id', 1, 0, 0, 0, 0, 0, NULL, 1),
(220, 29, 'beer_shop_name', 'text', 'Beer Shop Name', 1, 1, 1, 1, 1, 1, NULL, 3),
(221, 29, 'beer_shop_address', 'text', 'Beer Shop Address', 1, 1, 1, 1, 1, 1, NULL, 4),
(222, 29, 'beer_shop_sttractions', 'text_area', 'Beer Shop Sttractions', 1, 1, 1, 1, 1, 1, NULL, 5),
(223, 29, 'beer_shop_details', 'text_area', 'Beer Shop Details', 1, 1, 1, 1, 1, 1, NULL, 6),
(224, 29, 'beer_shop_cost', 'number', 'Beer Shop Cost', 1, 1, 1, 1, 1, 1, NULL, 7),
(225, 29, 'beer_shop_geolocation', 'text', 'Beer Shop Geolocation', 0, 1, 1, 1, 1, 1, NULL, 8),
(233, 28, 'id', 'checkbox', 'Id', 1, 0, 0, 0, 0, 0, NULL, 1),
(234, 28, 'model_shop_name', 'text', 'Model Shop Name', 1, 1, 1, 1, 1, 1, NULL, 3),
(235, 28, 'model_shop_address', 'text', 'Model Shop Address', 1, 1, 1, 1, 1, 1, NULL, 4),
(236, 28, 'model_shop_attractions', 'text_area', 'Model Shop Attractions', 1, 1, 1, 1, 1, 1, NULL, 5),
(237, 28, 'model_shop_details', 'text_area', 'Model Shop Details', 1, 1, 1, 1, 1, 1, NULL, 6),
(238, 28, 'model_shop_cost', 'number', 'Model Shop Cost', 1, 1, 1, 1, 1, 1, NULL, 7),
(239, 28, 'model_shop_geolocation', 'text', 'Model Shop Geolocation', 0, 1, 1, 1, 1, 1, NULL, 8),
(241, 33, 'id', 'number', 'Id', 1, 0, 0, 0, 0, 0, NULL, 1),
(242, 34, 'id', 'number', 'Id', 1, 0, 0, 0, 0, 0, NULL, 1),
(244, 34, 'night_club_name', 'text', 'Night Club Name', 1, 1, 1, 1, 1, 1, NULL, 3),
(245, 34, 'night_club_address', 'text', 'Night Club Address', 1, 1, 1, 1, 1, 1, NULL, 4),
(246, 34, 'night_club_attractions', 'text_area', 'Night Club Attractions', 1, 1, 1, 1, 1, 1, NULL, 5),
(247, 34, 'night_club_details', 'text_area', 'Night Club Details', 1, 1, 1, 1, 1, 1, NULL, 6),
(248, 34, 'night_club_cost', 'number', 'Night Club Cost', 1, 1, 1, 1, 1, 1, NULL, 7),
(249, 34, 'night_club_geolocation', 'text', 'Night Club Geolocation', 0, 1, 1, 1, 1, 1, NULL, 8),
(250, 34, 'created_at', 'timestamp', 'Created At', 0, 1, 1, 1, 0, 1, NULL, 9),
(251, 34, 'updated_at', 'timestamp', 'Updated At', 0, 0, 0, 0, 0, 0, NULL, 10),
(252, 35, 'id', 'number', 'Id', 1, 0, 0, 0, 0, 0, NULL, 1),
(253, 35, 'night_club_id', 'select_dropdown', 'Night Club Id', 1, 1, 1, 1, 1, 1, '{"relationship":{"key":"id","label":"night_club_address","page_slug":"admin/night-clubs"}}', 2),
(254, 35, 'night_club_images', 'multiple_images', 'Night Club Images', 1, 1, 1, 1, 1, 1, '{"quality":"80%"}', 3),
(255, 35, 'created_at', 'timestamp', 'Created At', 0, 1, 1, 1, 0, 1, NULL, 4),
(256, 35, 'updated_at', 'timestamp', 'Updated At', 0, 0, 0, 0, 0, 0, NULL, 5),
(257, 34, 'locality_id', 'select_dropdown', 'Locality Id', 1, 1, 1, 1, 1, 1, '{"relationship":{"key":"id","label":"locality_name","page_slug":"admin/localities"}}', 2),
(258, 22, 'bar_time', 'text', 'Bar Time', 1, 1, 1, 1, 1, 1, NULL, 10),
(259, 22, 'bar_contact', 'number', 'Bar Contact', 1, 1, 1, 1, 1, 1, NULL, 11),
(261, 22, 'bar_booze_served', 'text', 'Bar Booze Served', 1, 1, 1, 1, 1, 1, NULL, 13),
(262, 22, 'bar_food', 'radio_btn', 'Bar Food', 1, 1, 1, 1, 1, 1, '{"default":"n/a","options":{"veg":"Veg","nonveg":"Non Veg","both":"Both","n/a":"N/A"}}', 14),
(263, 22, 'bar_sitting_facility', 'radio_btn', 'Bar Sitting Facility', 1, 1, 1, 1, 1, 1, '{"default":"yes","options":{"yes":"Yes","no":"No"}}', 15),
(264, 22, 'bar_music', 'radio_btn', 'Bar Music', 1, 1, 1, 1, 1, 1, '{"default":"available","options":{"available":"Available","n/a":"N/A"}}', 16),
(265, 22, 'bar_payment', 'radio_btn', 'Bar Payment', 1, 1, 1, 1, 1, 1, '{"default":"cash","options":{"cash":"cash","credit/debit card":"credit/debit card","all":"Both"}}', 17),
(266, 22, 'bar_working_day', 'checkbox', 'Bar Working Day', 1, 1, 1, 1, 1, 1, NULL, 12);

-- --------------------------------------------------------

--
-- Table structure for table `data_types`
--

CREATE TABLE `data_types` (
  `id` int(10) UNSIGNED NOT NULL,
  `name` varchar(191) COLLATE utf8mb4_unicode_ci NOT NULL,
  `slug` varchar(191) COLLATE utf8mb4_unicode_ci NOT NULL,
  `display_name_singular` varchar(191) COLLATE utf8mb4_unicode_ci NOT NULL,
  `display_name_plural` varchar(191) COLLATE utf8mb4_unicode_ci NOT NULL,
  `icon` varchar(191) COLLATE utf8mb4_unicode_ci DEFAULT NULL,
  `model_name` varchar(191) COLLATE utf8mb4_unicode_ci DEFAULT NULL,
  `controller` varchar(191) COLLATE utf8mb4_unicode_ci DEFAULT NULL,
  `description` varchar(191) COLLATE utf8mb4_unicode_ci DEFAULT NULL,
  `generate_permissions` tinyint(1) NOT NULL DEFAULT '0',
  `server_side` tinyint(4) NOT NULL DEFAULT '0',
  `created_at` timestamp NULL DEFAULT NULL,
  `updated_at` timestamp NULL DEFAULT NULL
) ENGINE=InnoDB DEFAULT CHARSET=utf8mb4 COLLATE=utf8mb4_unicode_ci ROW_FORMAT=DYNAMIC;

--
-- Dumping data for table `data_types`
--

INSERT INTO `data_types` (`id`, `name`, `slug`, `display_name_singular`, `display_name_plural`, `icon`, `model_name`, `controller`, `description`, `generate_permissions`, `server_side`, `created_at`, `updated_at`) VALUES
(1, 'posts', 'posts', 'Post', 'Posts', 'voyager-news', 'TCG\\Voyager\\Models\\Post', '', '', 1, 0, '2017-05-17 22:11:46', '2017-05-17 22:11:46'),
(2, 'pages', 'pages', 'Page', 'Pages', 'voyager-file-text', 'TCG\\Voyager\\Models\\Page', '', '', 1, 0, '2017-05-17 22:11:46', '2017-05-17 22:11:46'),
(3, 'users', 'users', 'User', 'Users', 'voyager-person', 'TCG\\Voyager\\Models\\User', '', '', 1, 0, '2017-05-17 22:11:46', '2017-05-17 22:11:46'),
(4, 'categories', 'categories', 'Category', 'Categories', 'voyager-categories', 'TCG\\Voyager\\Models\\Category', '', '', 1, 0, '2017-05-17 22:11:46', '2017-05-17 22:11:46'),
(5, 'menus', 'menus', 'Menu', 'Menus', 'voyager-list', 'TCG\\Voyager\\Models\\Menu', '', '', 1, 0, '2017-05-17 22:11:46', '2017-05-17 22:11:46'),
(6, 'roles', 'roles', 'Role', 'Roles', 'voyager-lock', 'TCG\\Voyager\\Models\\Role', '', '', 1, 0, '2017-05-17 22:11:46', '2017-05-17 22:11:46'),
(9, 'boozingo_images', 'boozingo_images', 'Boozingo Image', 'Boozingo Images', NULL, 'App\\BoozingoImage', NULL, 'It will store all the images used in in the app.', 1, 0, '2017-05-18 03:05:41', '2017-05-18 03:05:41'),
(16, 'boozingo_bars', 'boozingo-bars', 'Boozingo Bar', 'Boozingo Bars', NULL, 'App\\BoozingoBar', NULL, NULL, 1, 0, '2017-05-18 09:21:32', '2017-05-18 09:21:32'),
(18, 'main_images', 'main-images', 'Main Image', 'Main Images', NULL, 'App\\MainImage', NULL, NULL, 1, 0, '2017-05-18 09:35:09', '2017-05-18 09:35:09'),
(20, 'cities', 'cities', 'City', 'Cities', NULL, 'App\\City', NULL, NULL, 1, 0, '2017-05-18 09:46:53', '2017-05-18 09:46:53'),
(21, 'localities', 'localities', 'Locality', 'Localities', NULL, 'App\\Locality', NULL, NULL, 1, 0, '2017-05-18 09:53:22', '2017-05-18 09:53:22'),
(22, 'bars', 'bars', 'Bar', 'Bars', NULL, 'App\\Bar', NULL, NULL, 1, 0, '2017-05-18 09:59:00', '2017-05-18 09:59:00'),
(23, 'bar_images', 'bar-images', 'Bar Image', 'Bar Images', NULL, 'App\\BarImage', NULL, NULL, 1, 0, '2017-05-18 10:03:12', '2017-05-18 10:03:12'),
(24, 'lounges', 'lounges', 'Lounge', 'Lounges', NULL, 'App\\Lounge', NULL, NULL, 1, 0, '2017-05-18 23:23:54', '2017-05-18 23:23:54'),
(25, 'lounge_images', 'lounge-images', 'Lounge Image', 'Lounge Images', NULL, 'App\\LoungeImage', NULL, NULL, 1, 0, '2017-05-18 23:27:40', '2017-05-18 23:27:40'),
(26, 'pubs', 'pubs', 'Pub', 'Pubs', NULL, 'App\\Pub', NULL, NULL, 1, 0, '2017-05-18 23:32:45', '2017-05-18 23:32:45'),
(27, 'pub_images', 'pub-images', 'Pub Image', 'Pub Images', NULL, 'App\\PubImage', NULL, NULL, 1, 0, '2017-05-18 23:36:15', '2017-05-18 23:36:15'),
(28, 'model_shops', 'model-shops', 'Model Shop', 'Model Shops', NULL, 'App\\ModelShop', NULL, NULL, 1, 0, '2017-05-19 09:21:49', '2017-05-19 09:21:49'),
(29, 'beer_shops', 'beer-shops', 'Beer Shop', 'Beer Shops', NULL, 'App\\BeerShop', NULL, NULL, 1, 0, '2017-05-19 09:28:21', '2017-05-19 09:28:21'),
(30, 'model_shop_images', 'model-shop-images', 'Model Shop Image', 'Model Shop Images', NULL, 'App\\ModelShopImage', NULL, NULL, 1, 0, '2017-05-19 09:36:22', '2017-05-19 09:36:22'),
(31, 'beer_shops_images', 'beer-shops-images', 'Beer Shops Image', 'Beer Shops Images', NULL, 'App\\BeerShopsImage', NULL, NULL, 1, 0, '2017-05-19 09:38:08', '2017-05-19 09:38:08'),
(32, 'liquor_shop_images', 'liquor-shop-images', 'Liquor Shop Image', 'Liquor Shop Images', NULL, 'App\\LiquorShopImage', NULL, NULL, 1, 0, '2017-05-19 09:44:18', '2017-05-19 09:44:18'),
(33, 'liquor_shops', 'liquor-shops', 'Liquor Shop', 'Liquor Shops', NULL, 'App\\LiquorShop', NULL, NULL, 1, 0, '2017-05-19 09:46:15', '2017-05-19 09:46:15'),
(34, 'night_clubs', 'night-clubs', 'Night Club', 'Night Clubs', NULL, 'App\\NightClub', NULL, NULL, 1, 0, '2017-05-31 13:22:42', '2017-05-31 13:22:42'),
(35, 'night_club_images', 'night-club-images', 'Night Club Image', 'Night Club Images', NULL, 'App\\NightClubImage', NULL, NULL, 1, 0, '2017-05-31 13:30:03', '2017-05-31 13:30:03');

-- --------------------------------------------------------

--
-- Table structure for table `liquor_shops`
--

CREATE TABLE `liquor_shops` (
  `id` int(10) UNSIGNED NOT NULL,
  `liquor_shop_name` varchar(100) COLLATE utf8_unicode_ci NOT NULL,
  `liquor_shop_address` varchar(100) COLLATE utf8_unicode_ci NOT NULL,
  `liquor_shop_attractions` varchar(150) COLLATE utf8_unicode_ci NOT NULL,
  `liquor_shop_details` text COLLATE utf8_unicode_ci NOT NULL,
  `liquor_shop_cost` int(11) NOT NULL,
  `liquor_shop_geolocation` varchar(100) COLLATE utf8_unicode_ci DEFAULT NULL,
  `locality_id` int(10) UNSIGNED NOT NULL,
  `created_at` timestamp NULL DEFAULT NULL,
  `updated_at` timestamp NULL DEFAULT NULL
) ENGINE=InnoDB DEFAULT CHARSET=utf8 COLLATE=utf8_unicode_ci;

-- --------------------------------------------------------

--
-- Table structure for table `liquor_shop_images`
--

CREATE TABLE `liquor_shop_images` (
  `id` int(10) UNSIGNED NOT NULL,
  `Liquor_shop_id` int(10) UNSIGNED NOT NULL,
  `Liquor_shop_images` text COLLATE utf8_unicode_ci NOT NULL,
  `created_at` timestamp NULL DEFAULT NULL,
  `updated_at` timestamp NULL DEFAULT NULL
) ENGINE=InnoDB DEFAULT CHARSET=utf8 COLLATE=utf8_unicode_ci;

-- --------------------------------------------------------

--
-- Table structure for table `localities`
--

CREATE TABLE `localities` (
  `id` int(10) UNSIGNED NOT NULL,
  `locality_name` varchar(100) COLLATE utf8_unicode_ci NOT NULL,
  `city_id` int(10) UNSIGNED NOT NULL,
  `created_at` timestamp NULL DEFAULT NULL,
  `updated_at` timestamp NULL DEFAULT NULL
) ENGINE=InnoDB DEFAULT CHARSET=utf8 COLLATE=utf8_unicode_ci;

-- --------------------------------------------------------

--
-- Table structure for table `lounges`
--

CREATE TABLE `lounges` (
  `id` int(10) UNSIGNED NOT NULL,
  `lounge_name` varchar(100) COLLATE utf8_unicode_ci NOT NULL,
  `lounge_address` varchar(100) COLLATE utf8_unicode_ci NOT NULL,
  `lounge_attractions` varchar(200) COLLATE utf8_unicode_ci NOT NULL,
  `lounge_details` text COLLATE utf8_unicode_ci NOT NULL,
  `lounge_cost` int(11) NOT NULL,
  `lounge_geolocation` varchar(100) COLLATE utf8_unicode_ci DEFAULT NULL,
  `locality_id` int(10) UNSIGNED NOT NULL,
  `created_at` timestamp NULL DEFAULT NULL,
  `updated_at` timestamp NULL DEFAULT NULL
) ENGINE=InnoDB DEFAULT CHARSET=utf8 COLLATE=utf8_unicode_ci;

-- --------------------------------------------------------

--
-- Table structure for table `lounge_images`
--

CREATE TABLE `lounge_images` (
  `id` int(10) UNSIGNED NOT NULL,
  `lounge_id` int(10) UNSIGNED NOT NULL,
  `lounge_images` text COLLATE utf8_unicode_ci NOT NULL,
  `created_at` timestamp NULL DEFAULT NULL,
  `updated_at` timestamp NULL DEFAULT NULL
) ENGINE=InnoDB DEFAULT CHARSET=utf8 COLLATE=utf8_unicode_ci;

-- --------------------------------------------------------

--
-- Table structure for table `main_images`
--

CREATE TABLE `main_images` (
  `id` int(10) UNSIGNED NOT NULL,
  `purpose` varchar(100) COLLATE utf8_unicode_ci DEFAULT NULL,
  `image_url` varchar(150) COLLATE utf8_unicode_ci DEFAULT NULL,
  `created_at` timestamp NULL DEFAULT NULL,
  `updated_at` timestamp NULL DEFAULT NULL
) ENGINE=InnoDB DEFAULT CHARSET=utf8 COLLATE=utf8_unicode_ci;

--
-- Dumping data for table `main_images`
--

INSERT INTO `main_images` (`id`, `purpose`, `image_url`, `created_at`, `updated_at`) VALUES
(3, 'main_banner', 'main-images/May2017/YaCjc2LqC4m5fRMaFneN.jpeg', '2017-05-21 06:02:24', '2017-05-21 06:02:24'),
(4, 'offer', 'main-images/May2017/UvrK5gSpJ3qGq2L8AyXV.jpg', '2017-05-21 06:03:59', '2017-05-21 06:03:59'),
(5, 'ads', 'main-images/May2017/LOFngUVezncmULc3jEwT.jpg', '2017-05-21 06:04:24', '2017-05-21 06:04:24'),
(6, 'offer', 'main-images/May2017/fOPCy3zVhIj6S5Qd4A73.jpeg', '2017-05-28 10:11:13', '2017-05-28 10:11:13');

-- --------------------------------------------------------

--
-- Table structure for table `menus`
--

CREATE TABLE `menus` (
  `id` int(10) UNSIGNED NOT NULL,
  `name` varchar(191) COLLATE utf8mb4_unicode_ci NOT NULL,
  `created_at` timestamp NULL DEFAULT NULL,
  `updated_at` timestamp NULL DEFAULT NULL
) ENGINE=InnoDB DEFAULT CHARSET=utf8mb4 COLLATE=utf8mb4_unicode_ci ROW_FORMAT=DYNAMIC;

--
-- Dumping data for table `menus`
--

INSERT INTO `menus` (`id`, `name`, `created_at`, `updated_at`) VALUES
(1, 'admin', '2017-05-17 22:11:48', '2017-05-17 22:11:48');

-- --------------------------------------------------------

--
-- Table structure for table `menu_items`
--

CREATE TABLE `menu_items` (
  `id` int(10) UNSIGNED NOT NULL,
  `menu_id` int(10) UNSIGNED DEFAULT NULL,
  `title` varchar(191) COLLATE utf8mb4_unicode_ci NOT NULL,
  `url` varchar(191) COLLATE utf8mb4_unicode_ci NOT NULL,
  `target` varchar(191) COLLATE utf8mb4_unicode_ci NOT NULL DEFAULT '_self',
  `icon_class` varchar(191) COLLATE utf8mb4_unicode_ci DEFAULT NULL,
  `color` varchar(191) COLLATE utf8mb4_unicode_ci DEFAULT NULL,
  `parent_id` int(11) DEFAULT NULL,
  `order` int(11) NOT NULL,
  `created_at` timestamp NULL DEFAULT NULL,
  `updated_at` timestamp NULL DEFAULT NULL,
  `route` varchar(191) COLLATE utf8mb4_unicode_ci DEFAULT NULL,
  `parameters` text COLLATE utf8mb4_unicode_ci
) ENGINE=InnoDB DEFAULT CHARSET=utf8mb4 COLLATE=utf8mb4_unicode_ci ROW_FORMAT=DYNAMIC;

--
-- Dumping data for table `menu_items`
--

INSERT INTO `menu_items` (`id`, `menu_id`, `title`, `url`, `target`, `icon_class`, `color`, `parent_id`, `order`, `created_at`, `updated_at`, `route`, `parameters`) VALUES
(1, 1, 'Dashboard', '/admin', '_self', 'voyager-boat', NULL, NULL, 1, '2017-05-17 22:11:48', '2017-05-17 22:11:48', NULL, NULL),
(2, 1, 'Media', '/admin/media', '_self', 'voyager-images', NULL, NULL, 21, '2017-05-17 22:11:48', '2017-05-31 13:31:56', NULL, NULL),
(3, 1, 'Posts', '/admin/posts', '_self', 'voyager-news', NULL, NULL, 22, '2017-05-17 22:11:48', '2017-05-31 13:31:52', NULL, NULL),
(4, 1, 'Users', '/admin/users', '_self', 'voyager-person', NULL, NULL, 2, '2017-05-17 22:11:48', '2017-05-18 08:46:12', NULL, NULL),
(5, 1, 'Categories', '/admin/categories', '_self', 'voyager-categories', NULL, NULL, 24, '2017-05-17 22:11:48', '2017-05-31 13:31:52', NULL, NULL),
(6, 1, 'Pages', '/admin/pages', '_self', 'voyager-file-text', NULL, NULL, 23, '2017-05-17 22:11:48', '2017-05-31 13:31:52', NULL, NULL),
(7, 1, 'Roles', '/admin/roles', '_self', 'voyager-lock', NULL, NULL, 3, '2017-05-17 22:11:48', '2017-05-18 08:46:12', NULL, NULL),
(8, 1, 'Tools', '', '_self', 'voyager-tools', NULL, NULL, 25, '2017-05-17 22:11:49', '2017-05-31 13:31:52', NULL, NULL),
(9, 1, 'Menu Builder', '/admin/menus', '_self', 'voyager-list', NULL, 8, 1, '2017-05-17 22:11:49', '2017-05-18 04:07:31', NULL, NULL),
(10, 1, 'Database', '/admin/database', '_self', 'voyager-data', NULL, 8, 2, '2017-05-17 22:11:49', '2017-05-18 04:07:31', NULL, NULL),
(11, 1, 'Settings', '/admin/settings', '_self', 'voyager-settings', NULL, NULL, 26, '2017-05-17 22:11:49', '2017-05-31 13:31:52', NULL, NULL),
(18, 1, 'main-images', '/admin/main-images', '_self', NULL, '#000000', NULL, 4, '2017-05-18 09:36:07', '2017-05-18 10:05:06', NULL, ''),
(19, 1, 'cities', '/admin/cities', '_self', NULL, '#000000', NULL, 5, '2017-05-18 09:42:45', '2017-05-18 10:05:13', NULL, ''),
(20, 1, 'localities', '/admin/localities', '_self', NULL, '#000000', NULL, 6, '2017-05-18 09:54:17', '2017-05-18 10:05:21', NULL, ''),
(21, 1, 'bars', '/admin/bars', '_self', NULL, '#000000', NULL, 7, '2017-05-18 09:59:41', '2017-05-18 10:05:26', NULL, ''),
(22, 1, 'bar-images', '/admin/bar-images', '_self', NULL, '#000000', NULL, 8, '2017-05-18 10:03:59', '2017-05-18 10:05:31', NULL, ''),
(23, 1, 'lounges', '/admin/lounges', '_self', NULL, '#000000', NULL, 9, '2017-05-18 23:24:23', '2017-05-19 01:05:01', NULL, ''),
(24, 1, 'lounge images', '/admin/lounge-images', '_self', NULL, '#000000', NULL, 10, '2017-05-18 23:28:40', '2017-05-19 01:05:07', NULL, ''),
(25, 1, 'pubs', '/admin/pubs', '_self', NULL, '#000000', NULL, 11, '2017-05-18 23:33:14', '2017-05-19 01:05:14', NULL, ''),
(26, 1, 'pub images', '/admin/pub-images', '_self', NULL, '#000000', NULL, 12, '2017-05-18 23:38:13', '2017-05-19 01:05:21', NULL, ''),
(27, 1, 'model-shops', '/admin/model-shops', '_self', NULL, '#000000', NULL, 15, '2017-05-19 09:22:50', '2017-05-19 09:52:04', NULL, ''),
(28, 1, 'beer shops', '/admin/beer-shops', '_self', NULL, '#000000', NULL, 13, '2017-05-19 09:29:01', '2017-05-19 09:51:53', NULL, ''),
(29, 1, 'model shop images', '/admin/model-shop-images', '_self', NULL, '#000000', NULL, 16, '2017-05-19 09:37:04', '2017-05-19 09:52:10', NULL, ''),
(30, 1, 'beer shops images', '/admin/beer-shops-images', '_self', NULL, '#000000', NULL, 14, '2017-05-19 09:38:48', '2017-05-19 09:51:58', NULL, ''),
(31, 1, 'liquor shop images', '/admin/liquor-shop-images', '_self', NULL, '#000000', NULL, 18, '2017-05-19 09:45:06', '2017-05-19 09:52:27', NULL, ''),
(32, 1, 'liquor shops', '/admin/liquor-shops', '_self', NULL, '#000000', NULL, 17, '2017-05-19 09:46:54', '2017-05-19 09:52:27', NULL, ''),
(33, 1, 'night-clubs', 'admin/night-clubs', '_self', NULL, '#000000', NULL, 19, '2017-05-31 13:23:26', '2017-05-31 13:31:46', NULL, ''),
(34, 1, 'night-club-images', 'admin/night-club-images', '_self', NULL, '#000000', NULL, 20, '2017-05-31 13:31:31', '2017-05-31 13:31:56', NULL, '');

-- --------------------------------------------------------

--
-- Table structure for table `migrations`
--

CREATE TABLE `migrations` (
  `id` int(10) UNSIGNED NOT NULL,
  `migration` varchar(191) COLLATE utf8mb4_unicode_ci NOT NULL,
  `batch` int(11) NOT NULL
) ENGINE=InnoDB DEFAULT CHARSET=utf8mb4 COLLATE=utf8mb4_unicode_ci ROW_FORMAT=DYNAMIC;

--
-- Dumping data for table `migrations`
--

INSERT INTO `migrations` (`id`, `migration`, `batch`) VALUES
(1, '2014_10_12_000000_create_users_table', 1),
(2, '2014_10_12_100000_create_password_resets_table', 1),
(3, '2016_01_01_000000_add_voyager_user_fields', 1),
(4, '2016_01_01_000000_create_data_types_table', 1),
(5, '2016_01_01_000000_create_pages_table', 1),
(6, '2016_01_01_000000_create_posts_table', 1),
(7, '2016_02_15_204651_create_categories_table', 1),
(8, '2016_05_19_173453_create_menu_table', 1),
(9, '2016_10_21_190000_create_roles_table', 1),
(10, '2016_10_21_190000_create_settings_table', 1),
(11, '2016_11_30_135954_create_permission_table', 1),
(12, '2016_11_30_141208_create_permission_role_table', 1),
(13, '2016_12_26_201236_data_types__add__server_side', 1),
(14, '2017_01_13_000000_add_route_to_menu_items_table', 1),
(15, '2017_01_14_005015_create_translations_table', 1),
(16, '2017_01_15_000000_add_permission_group_id_to_permissions_table', 1),
(17, '2017_01_15_000000_create_permission_groups_table', 1),
(18, '2017_01_15_000000_make_table_name_nullable_in_permissions_table', 1),
(19, '2017_03_06_000000_add_controller_to_data_types_table', 1),
(20, '2017_04_21_000000_add_order_to_data_rows_table', 1);

-- --------------------------------------------------------

--
-- Table structure for table `model_shops`
--

CREATE TABLE `model_shops` (
  `id` int(10) UNSIGNED NOT NULL,
  `model_shop_name` varchar(100) COLLATE utf8_unicode_ci NOT NULL,
  `model_shop_address` varchar(100) COLLATE utf8_unicode_ci NOT NULL,
  `model_shop_attractions` varchar(150) COLLATE utf8_unicode_ci NOT NULL,
  `model_shop_details` text COLLATE utf8_unicode_ci NOT NULL,
  `model_shop_cost` int(11) NOT NULL,
  `model_shop_geolocation` varchar(100) COLLATE utf8_unicode_ci DEFAULT NULL,
  `locality_id` int(10) UNSIGNED NOT NULL,
  `created_at` timestamp NULL DEFAULT NULL,
  `updated_at` timestamp NULL DEFAULT NULL
) ENGINE=InnoDB DEFAULT CHARSET=utf8 COLLATE=utf8_unicode_ci;

-- --------------------------------------------------------

--
-- Table structure for table `model_shop_images`
--

CREATE TABLE `model_shop_images` (
  `id` int(10) UNSIGNED NOT NULL,
  `model_shop_id` int(10) UNSIGNED NOT NULL,
  `model_shop_images` text COLLATE utf8_unicode_ci NOT NULL,
  `created_at` timestamp NULL DEFAULT NULL,
  `updated_at` timestamp NULL DEFAULT NULL
) ENGINE=InnoDB DEFAULT CHARSET=utf8 COLLATE=utf8_unicode_ci;

-- --------------------------------------------------------

--
-- Table structure for table `night_clubs`
--

CREATE TABLE `night_clubs` (
  `id` int(10) UNSIGNED NOT NULL,
  `locality_id` int(10) UNSIGNED NOT NULL,
  `night_club_name` varchar(100) COLLATE utf8_unicode_ci NOT NULL,
  `night_club_address` varchar(100) COLLATE utf8_unicode_ci NOT NULL,
  `night_club_attractions` varchar(100) COLLATE utf8_unicode_ci NOT NULL,
  `night_club_details` text COLLATE utf8_unicode_ci NOT NULL,
  `night_club_cost` int(11) NOT NULL,
  `night_club_geolocation` varchar(100) COLLATE utf8_unicode_ci DEFAULT NULL,
  `created_at` timestamp NULL DEFAULT NULL,
  `updated_at` timestamp NULL DEFAULT NULL
) ENGINE=InnoDB DEFAULT CHARSET=utf8 COLLATE=utf8_unicode_ci;

-- --------------------------------------------------------

--
-- Table structure for table `night_club_images`
--

CREATE TABLE `night_club_images` (
  `id` int(10) UNSIGNED NOT NULL,
  `night_club_id` int(10) UNSIGNED NOT NULL,
  `night_club_images` text COLLATE utf8_unicode_ci NOT NULL,
  `created_at` timestamp NULL DEFAULT NULL,
  `updated_at` timestamp NULL DEFAULT NULL
) ENGINE=InnoDB DEFAULT CHARSET=utf8 COLLATE=utf8_unicode_ci;

-- --------------------------------------------------------

--
-- Table structure for table `pages`
--

CREATE TABLE `pages` (
  `id` int(10) UNSIGNED NOT NULL,
  `author_id` int(11) NOT NULL,
  `title` varchar(191) COLLATE utf8mb4_unicode_ci NOT NULL,
  `excerpt` text COLLATE utf8mb4_unicode_ci,
  `body` text COLLATE utf8mb4_unicode_ci,
  `image` varchar(191) COLLATE utf8mb4_unicode_ci DEFAULT NULL,
  `slug` varchar(191) COLLATE utf8mb4_unicode_ci NOT NULL,
  `meta_description` text COLLATE utf8mb4_unicode_ci,
  `meta_keywords` text COLLATE utf8mb4_unicode_ci,
  `status` enum('ACTIVE','INACTIVE') COLLATE utf8mb4_unicode_ci NOT NULL DEFAULT 'INACTIVE',
  `created_at` timestamp NULL DEFAULT NULL,
  `updated_at` timestamp NULL DEFAULT NULL
) ENGINE=InnoDB DEFAULT CHARSET=utf8mb4 COLLATE=utf8mb4_unicode_ci ROW_FORMAT=DYNAMIC;

-- --------------------------------------------------------

--
-- Table structure for table `password_resets`
--

CREATE TABLE `password_resets` (
  `email` varchar(191) COLLATE utf8mb4_unicode_ci NOT NULL,
  `token` varchar(191) COLLATE utf8mb4_unicode_ci NOT NULL,
  `created_at` timestamp NULL DEFAULT NULL
) ENGINE=InnoDB DEFAULT CHARSET=utf8mb4 COLLATE=utf8mb4_unicode_ci ROW_FORMAT=DYNAMIC;

-- --------------------------------------------------------

--
-- Table structure for table `permissions`
--

CREATE TABLE `permissions` (
  `id` int(10) UNSIGNED NOT NULL,
  `key` varchar(191) COLLATE utf8mb4_unicode_ci NOT NULL,
  `table_name` varchar(191) COLLATE utf8mb4_unicode_ci DEFAULT NULL,
  `created_at` timestamp NULL DEFAULT NULL,
  `updated_at` timestamp NULL DEFAULT NULL,
  `permission_group_id` int(10) UNSIGNED DEFAULT NULL
) ENGINE=InnoDB DEFAULT CHARSET=utf8mb4 COLLATE=utf8mb4_unicode_ci ROW_FORMAT=DYNAMIC;

--
-- Dumping data for table `permissions`
--

INSERT INTO `permissions` (`id`, `key`, `table_name`, `created_at`, `updated_at`, `permission_group_id`) VALUES
(1, 'browse_admin', NULL, '2017-05-17 22:11:49', '2017-05-17 22:11:49', NULL),
(2, 'browse_database', NULL, '2017-05-17 22:11:49', '2017-05-17 22:11:49', NULL),
(3, 'browse_media', NULL, '2017-05-17 22:11:49', '2017-05-17 22:11:49', NULL),
(4, 'browse_settings', NULL, '2017-05-17 22:11:49', '2017-05-17 22:11:49', NULL),
(5, 'browse_menus', 'menus', '2017-05-17 22:11:49', '2017-05-17 22:11:49', NULL),
(6, 'read_menus', 'menus', '2017-05-17 22:11:49', '2017-05-17 22:11:49', NULL),
(7, 'edit_menus', 'menus', '2017-05-17 22:11:49', '2017-05-17 22:11:49', NULL),
(8, 'add_menus', 'menus', '2017-05-17 22:11:49', '2017-05-17 22:11:49', NULL),
(9, 'delete_menus', 'menus', '2017-05-17 22:11:49', '2017-05-17 22:11:49', NULL),
(10, 'browse_pages', 'pages', '2017-05-17 22:11:49', '2017-05-17 22:11:49', NULL),
(11, 'read_pages', 'pages', '2017-05-17 22:11:49', '2017-05-17 22:11:49', NULL),
(12, 'edit_pages', 'pages', '2017-05-17 22:11:49', '2017-05-17 22:11:49', NULL),
(13, 'add_pages', 'pages', '2017-05-17 22:11:49', '2017-05-17 22:11:49', NULL),
(14, 'delete_pages', 'pages', '2017-05-17 22:11:49', '2017-05-17 22:11:49', NULL),
(15, 'browse_roles', 'roles', '2017-05-17 22:11:49', '2017-05-17 22:11:49', NULL),
(16, 'read_roles', 'roles', '2017-05-17 22:11:49', '2017-05-17 22:11:49', NULL),
(17, 'edit_roles', 'roles', '2017-05-17 22:11:49', '2017-05-17 22:11:49', NULL),
(18, 'add_roles', 'roles', '2017-05-17 22:11:49', '2017-05-17 22:11:49', NULL),
(19, 'delete_roles', 'roles', '2017-05-17 22:11:49', '2017-05-17 22:11:49', NULL),
(20, 'browse_users', 'users', '2017-05-17 22:11:49', '2017-05-17 22:11:49', NULL),
(21, 'read_users', 'users', '2017-05-17 22:11:50', '2017-05-17 22:11:50', NULL),
(22, 'edit_users', 'users', '2017-05-17 22:11:50', '2017-05-17 22:11:50', NULL),
(23, 'add_users', 'users', '2017-05-17 22:11:50', '2017-05-17 22:11:50', NULL),
(24, 'delete_users', 'users', '2017-05-17 22:11:50', '2017-05-17 22:11:50', NULL),
(25, 'browse_posts', 'posts', '2017-05-17 22:11:50', '2017-05-17 22:11:50', NULL),
(26, 'read_posts', 'posts', '2017-05-17 22:11:50', '2017-05-17 22:11:50', NULL),
(27, 'edit_posts', 'posts', '2017-05-17 22:11:50', '2017-05-17 22:11:50', NULL),
(28, 'add_posts', 'posts', '2017-05-17 22:11:50', '2017-05-17 22:11:50', NULL),
(29, 'delete_posts', 'posts', '2017-05-17 22:11:50', '2017-05-17 22:11:50', NULL),
(30, 'browse_categories', 'categories', '2017-05-17 22:11:50', '2017-05-17 22:11:50', NULL),
(31, 'read_categories', 'categories', '2017-05-17 22:11:50', '2017-05-17 22:11:50', NULL),
(32, 'edit_categories', 'categories', '2017-05-17 22:11:50', '2017-05-17 22:11:50', NULL),
(33, 'add_categories', 'categories', '2017-05-17 22:11:50', '2017-05-17 22:11:50', NULL),
(34, 'delete_categories', 'categories', '2017-05-17 22:11:50', '2017-05-17 22:11:50', NULL),
(40, 'browse_boozingo_images', 'boozingo_images', '2017-05-18 03:05:41', '2017-05-18 03:05:41', NULL),
(41, 'read_boozingo_images', 'boozingo_images', '2017-05-18 03:05:41', '2017-05-18 03:05:41', NULL),
(42, 'edit_boozingo_images', 'boozingo_images', '2017-05-18 03:05:41', '2017-05-18 03:05:41', NULL),
(43, 'add_boozingo_images', 'boozingo_images', '2017-05-18 03:05:41', '2017-05-18 03:05:41', NULL),
(44, 'delete_boozingo_images', 'boozingo_images', '2017-05-18 03:05:41', '2017-05-18 03:05:41', NULL),
(75, 'browse_boozingo_bars', 'boozingo_bars', '2017-05-18 09:21:33', '2017-05-18 09:21:33', NULL),
(76, 'read_boozingo_bars', 'boozingo_bars', '2017-05-18 09:21:33', '2017-05-18 09:21:33', NULL),
(77, 'edit_boozingo_bars', 'boozingo_bars', '2017-05-18 09:21:33', '2017-05-18 09:21:33', NULL),
(78, 'add_boozingo_bars', 'boozingo_bars', '2017-05-18 09:21:33', '2017-05-18 09:21:33', NULL),
(79, 'delete_boozingo_bars', 'boozingo_bars', '2017-05-18 09:21:33', '2017-05-18 09:21:33', NULL),
(85, 'browse_main_images', 'main_images', '2017-05-18 09:35:09', '2017-05-18 09:35:09', NULL),
(86, 'read_main_images', 'main_images', '2017-05-18 09:35:09', '2017-05-18 09:35:09', NULL),
(87, 'edit_main_images', 'main_images', '2017-05-18 09:35:09', '2017-05-18 09:35:09', NULL),
(88, 'add_main_images', 'main_images', '2017-05-18 09:35:09', '2017-05-18 09:35:09', NULL),
(89, 'delete_main_images', 'main_images', '2017-05-18 09:35:09', '2017-05-18 09:35:09', NULL),
(95, 'browse_cities', 'cities', '2017-05-18 09:46:53', '2017-05-18 09:46:53', NULL),
(96, 'read_cities', 'cities', '2017-05-18 09:46:53', '2017-05-18 09:46:53', NULL),
(97, 'edit_cities', 'cities', '2017-05-18 09:46:53', '2017-05-18 09:46:53', NULL),
(98, 'add_cities', 'cities', '2017-05-18 09:46:53', '2017-05-18 09:46:53', NULL),
(99, 'delete_cities', 'cities', '2017-05-18 09:46:53', '2017-05-18 09:46:53', NULL),
(100, 'browse_localities', 'localities', '2017-05-18 09:53:22', '2017-05-18 09:53:22', NULL),
(101, 'read_localities', 'localities', '2017-05-18 09:53:22', '2017-05-18 09:53:22', NULL),
(102, 'edit_localities', 'localities', '2017-05-18 09:53:22', '2017-05-18 09:53:22', NULL),
(103, 'add_localities', 'localities', '2017-05-18 09:53:22', '2017-05-18 09:53:22', NULL),
(104, 'delete_localities', 'localities', '2017-05-18 09:53:22', '2017-05-18 09:53:22', NULL),
(105, 'browse_bars', 'bars', '2017-05-18 09:59:00', '2017-05-18 09:59:00', NULL),
(106, 'read_bars', 'bars', '2017-05-18 09:59:00', '2017-05-18 09:59:00', NULL),
(107, 'edit_bars', 'bars', '2017-05-18 09:59:00', '2017-05-18 09:59:00', NULL),
(108, 'add_bars', 'bars', '2017-05-18 09:59:00', '2017-05-18 09:59:00', NULL),
(109, 'delete_bars', 'bars', '2017-05-18 09:59:00', '2017-05-18 09:59:00', NULL),
(110, 'browse_bar_images', 'bar_images', '2017-05-18 10:03:12', '2017-05-18 10:03:12', NULL),
(111, 'read_bar_images', 'bar_images', '2017-05-18 10:03:12', '2017-05-18 10:03:12', NULL),
(112, 'edit_bar_images', 'bar_images', '2017-05-18 10:03:12', '2017-05-18 10:03:12', NULL),
(113, 'add_bar_images', 'bar_images', '2017-05-18 10:03:12', '2017-05-18 10:03:12', NULL),
(114, 'delete_bar_images', 'bar_images', '2017-05-18 10:03:12', '2017-05-18 10:03:12', NULL),
(115, 'browse_lounges', 'lounges', '2017-05-18 23:23:54', '2017-05-18 23:23:54', NULL),
(116, 'read_lounges', 'lounges', '2017-05-18 23:23:54', '2017-05-18 23:23:54', NULL),
(117, 'edit_lounges', 'lounges', '2017-05-18 23:23:54', '2017-05-18 23:23:54', NULL),
(118, 'add_lounges', 'lounges', '2017-05-18 23:23:54', '2017-05-18 23:23:54', NULL),
(119, 'delete_lounges', 'lounges', '2017-05-18 23:23:54', '2017-05-18 23:23:54', NULL),
(120, 'browse_lounge_images', 'lounge_images', '2017-05-18 23:27:40', '2017-05-18 23:27:40', NULL),
(121, 'read_lounge_images', 'lounge_images', '2017-05-18 23:27:40', '2017-05-18 23:27:40', NULL),
(122, 'edit_lounge_images', 'lounge_images', '2017-05-18 23:27:40', '2017-05-18 23:27:40', NULL),
(123, 'add_lounge_images', 'lounge_images', '2017-05-18 23:27:40', '2017-05-18 23:27:40', NULL),
(124, 'delete_lounge_images', 'lounge_images', '2017-05-18 23:27:40', '2017-05-18 23:27:40', NULL),
(125, 'browse_pubs', 'pubs', '2017-05-18 23:32:45', '2017-05-18 23:32:45', NULL),
(126, 'read_pubs', 'pubs', '2017-05-18 23:32:45', '2017-05-18 23:32:45', NULL),
(127, 'edit_pubs', 'pubs', '2017-05-18 23:32:45', '2017-05-18 23:32:45', NULL),
(128, 'add_pubs', 'pubs', '2017-05-18 23:32:45', '2017-05-18 23:32:45', NULL),
(129, 'delete_pubs', 'pubs', '2017-05-18 23:32:45', '2017-05-18 23:32:45', NULL),
(130, 'browse_pub_images', 'pub_images', '2017-05-18 23:36:15', '2017-05-18 23:36:15', NULL),
(131, 'read_pub_images', 'pub_images', '2017-05-18 23:36:15', '2017-05-18 23:36:15', NULL),
(132, 'edit_pub_images', 'pub_images', '2017-05-18 23:36:15', '2017-05-18 23:36:15', NULL),
(133, 'add_pub_images', 'pub_images', '2017-05-18 23:36:15', '2017-05-18 23:36:15', NULL),
(134, 'delete_pub_images', 'pub_images', '2017-05-18 23:36:15', '2017-05-18 23:36:15', NULL),
(135, 'browse_model_shops', 'model_shops', '2017-05-19 09:21:50', '2017-05-19 09:21:50', NULL),
(136, 'read_model_shops', 'model_shops', '2017-05-19 09:21:50', '2017-05-19 09:21:50', NULL),
(137, 'edit_model_shops', 'model_shops', '2017-05-19 09:21:50', '2017-05-19 09:21:50', NULL),
(138, 'add_model_shops', 'model_shops', '2017-05-19 09:21:50', '2017-05-19 09:21:50', NULL),
(139, 'delete_model_shops', 'model_shops', '2017-05-19 09:21:50', '2017-05-19 09:21:50', NULL),
(140, 'browse_beer_shops', 'beer_shops', '2017-05-19 09:28:21', '2017-05-19 09:28:21', NULL),
(141, 'read_beer_shops', 'beer_shops', '2017-05-19 09:28:21', '2017-05-19 09:28:21', NULL),
(142, 'edit_beer_shops', 'beer_shops', '2017-05-19 09:28:21', '2017-05-19 09:28:21', NULL),
(143, 'add_beer_shops', 'beer_shops', '2017-05-19 09:28:21', '2017-05-19 09:28:21', NULL),
(144, 'delete_beer_shops', 'beer_shops', '2017-05-19 09:28:21', '2017-05-19 09:28:21', NULL),
(145, 'browse_model_shop_images', 'model_shop_images', '2017-05-19 09:36:22', '2017-05-19 09:36:22', NULL),
(146, 'read_model_shop_images', 'model_shop_images', '2017-05-19 09:36:22', '2017-05-19 09:36:22', NULL),
(147, 'edit_model_shop_images', 'model_shop_images', '2017-05-19 09:36:22', '2017-05-19 09:36:22', NULL),
(148, 'add_model_shop_images', 'model_shop_images', '2017-05-19 09:36:22', '2017-05-19 09:36:22', NULL),
(149, 'delete_model_shop_images', 'model_shop_images', '2017-05-19 09:36:22', '2017-05-19 09:36:22', NULL),
(150, 'browse_beer_shops_images', 'beer_shops_images', '2017-05-19 09:38:08', '2017-05-19 09:38:08', NULL),
(151, 'read_beer_shops_images', 'beer_shops_images', '2017-05-19 09:38:08', '2017-05-19 09:38:08', NULL),
(152, 'edit_beer_shops_images', 'beer_shops_images', '2017-05-19 09:38:08', '2017-05-19 09:38:08', NULL),
(153, 'add_beer_shops_images', 'beer_shops_images', '2017-05-19 09:38:08', '2017-05-19 09:38:08', NULL),
(154, 'delete_beer_shops_images', 'beer_shops_images', '2017-05-19 09:38:08', '2017-05-19 09:38:08', NULL),
(155, 'browse_liquor_shop_images', 'liquor_shop_images', '2017-05-19 09:44:18', '2017-05-19 09:44:18', NULL),
(156, 'read_liquor_shop_images', 'liquor_shop_images', '2017-05-19 09:44:18', '2017-05-19 09:44:18', NULL),
(157, 'edit_liquor_shop_images', 'liquor_shop_images', '2017-05-19 09:44:18', '2017-05-19 09:44:18', NULL),
(158, 'add_liquor_shop_images', 'liquor_shop_images', '2017-05-19 09:44:18', '2017-05-19 09:44:18', NULL),
(159, 'delete_liquor_shop_images', 'liquor_shop_images', '2017-05-19 09:44:18', '2017-05-19 09:44:18', NULL),
(160, 'browse_liquor_shops', 'liquor_shops', '2017-05-19 09:46:15', '2017-05-19 09:46:15', NULL),
(161, 'read_liquor_shops', 'liquor_shops', '2017-05-19 09:46:15', '2017-05-19 09:46:15', NULL),
(162, 'edit_liquor_shops', 'liquor_shops', '2017-05-19 09:46:15', '2017-05-19 09:46:15', NULL),
(163, 'add_liquor_shops', 'liquor_shops', '2017-05-19 09:46:15', '2017-05-19 09:46:15', NULL),
(164, 'delete_liquor_shops', 'liquor_shops', '2017-05-19 09:46:15', '2017-05-19 09:46:15', NULL),
(165, 'browse_night_clubs', 'night_clubs', '2017-05-31 13:22:42', '2017-05-31 13:22:42', NULL),
(166, 'read_night_clubs', 'night_clubs', '2017-05-31 13:22:42', '2017-05-31 13:22:42', NULL),
(167, 'edit_night_clubs', 'night_clubs', '2017-05-31 13:22:42', '2017-05-31 13:22:42', NULL),
(168, 'add_night_clubs', 'night_clubs', '2017-05-31 13:22:42', '2017-05-31 13:22:42', NULL),
(169, 'delete_night_clubs', 'night_clubs', '2017-05-31 13:22:42', '2017-05-31 13:22:42', NULL),
(170, 'browse_night_club_images', 'night_club_images', '2017-05-31 13:30:03', '2017-05-31 13:30:03', NULL),
(171, 'read_night_club_images', 'night_club_images', '2017-05-31 13:30:03', '2017-05-31 13:30:03', NULL),
(172, 'edit_night_club_images', 'night_club_images', '2017-05-31 13:30:03', '2017-05-31 13:30:03', NULL),
(173, 'add_night_club_images', 'night_club_images', '2017-05-31 13:30:03', '2017-05-31 13:30:03', NULL),
(174, 'delete_night_club_images', 'night_club_images', '2017-05-31 13:30:03', '2017-05-31 13:30:03', NULL);

-- --------------------------------------------------------

--
-- Table structure for table `permission_groups`
--

CREATE TABLE `permission_groups` (
  `id` int(10) UNSIGNED NOT NULL,
  `name` varchar(191) COLLATE utf8mb4_unicode_ci NOT NULL
) ENGINE=InnoDB DEFAULT CHARSET=utf8mb4 COLLATE=utf8mb4_unicode_ci ROW_FORMAT=DYNAMIC;

-- --------------------------------------------------------

--
-- Table structure for table `permission_role`
--

CREATE TABLE `permission_role` (
  `permission_id` int(10) UNSIGNED NOT NULL,
  `role_id` int(10) UNSIGNED NOT NULL
) ENGINE=InnoDB DEFAULT CHARSET=utf8mb4 COLLATE=utf8mb4_unicode_ci ROW_FORMAT=DYNAMIC;

--
-- Dumping data for table `permission_role`
--

INSERT INTO `permission_role` (`permission_id`, `role_id`) VALUES
(1, 1),
(2, 1),
(3, 1),
(4, 1),
(5, 1),
(6, 1),
(7, 1),
(8, 1),
(9, 1),
(10, 1),
(11, 1),
(12, 1),
(13, 1),
(14, 1),
(15, 1),
(16, 1),
(17, 1),
(18, 1),
(19, 1),
(20, 1),
(21, 1),
(22, 1),
(23, 1),
(24, 1),
(25, 1),
(26, 1),
(27, 1),
(28, 1),
(29, 1),
(30, 1),
(31, 1),
(32, 1),
(33, 1),
(34, 1),
(40, 1),
(41, 1),
(42, 1),
(43, 1),
(44, 1),
(75, 1),
(76, 1),
(77, 1),
(78, 1),
(79, 1),
(85, 1),
(86, 1),
(87, 1),
(88, 1),
(89, 1),
(95, 1),
(96, 1),
(97, 1),
(98, 1),
(99, 1),
(100, 1),
(101, 1),
(102, 1),
(103, 1),
(104, 1),
(105, 1),
(106, 1),
(107, 1),
(108, 1),
(109, 1),
(110, 1),
(111, 1),
(112, 1),
(113, 1),
(114, 1),
(115, 1),
(116, 1),
(117, 1),
(118, 1),
(119, 1),
(120, 1),
(121, 1),
(122, 1),
(123, 1),
(124, 1),
(125, 1),
(126, 1),
(127, 1),
(128, 1),
(129, 1),
(130, 1),
(131, 1),
(132, 1),
(133, 1),
(134, 1),
(135, 1),
(136, 1),
(137, 1),
(138, 1),
(139, 1),
(140, 1),
(141, 1),
(142, 1),
(143, 1),
(144, 1),
(145, 1),
(146, 1),
(147, 1),
(148, 1),
(149, 1),
(150, 1),
(151, 1),
(152, 1),
(153, 1),
(154, 1),
(155, 1),
(156, 1),
(157, 1),
(158, 1),
(159, 1),
(160, 1),
(161, 1),
(162, 1),
(163, 1),
(164, 1),
(165, 1),
(166, 1),
(167, 1),
(168, 1),
(169, 1),
(170, 1),
(171, 1),
(172, 1),
(173, 1),
(174, 1);

-- --------------------------------------------------------

--
-- Table structure for table `posts`
--

CREATE TABLE `posts` (
  `id` int(10) UNSIGNED NOT NULL,
  `author_id` int(11) NOT NULL,
  `category_id` int(11) DEFAULT NULL,
  `title` varchar(191) COLLATE utf8mb4_unicode_ci NOT NULL,
  `seo_title` varchar(191) COLLATE utf8mb4_unicode_ci DEFAULT NULL,
  `excerpt` text COLLATE utf8mb4_unicode_ci NOT NULL,
  `body` text COLLATE utf8mb4_unicode_ci NOT NULL,
  `image` varchar(191) COLLATE utf8mb4_unicode_ci DEFAULT NULL,
  `slug` varchar(191) COLLATE utf8mb4_unicode_ci NOT NULL,
  `meta_description` text COLLATE utf8mb4_unicode_ci NOT NULL,
  `meta_keywords` text COLLATE utf8mb4_unicode_ci NOT NULL,
  `status` enum('PUBLISHED','DRAFT','PENDING') COLLATE utf8mb4_unicode_ci NOT NULL DEFAULT 'DRAFT',
  `featured` tinyint(1) NOT NULL DEFAULT '0',
  `created_at` timestamp NULL DEFAULT NULL,
  `updated_at` timestamp NULL DEFAULT NULL
) ENGINE=InnoDB DEFAULT CHARSET=utf8mb4 COLLATE=utf8mb4_unicode_ci ROW_FORMAT=DYNAMIC;

-- --------------------------------------------------------

--
-- Table structure for table `pubs`
--

CREATE TABLE `pubs` (
  `id` int(10) UNSIGNED NOT NULL,
  `pub_name` varchar(100) COLLATE utf8_unicode_ci NOT NULL,
  `pub_address` varchar(100) COLLATE utf8_unicode_ci NOT NULL,
  `pub_attractions` varchar(200) COLLATE utf8_unicode_ci NOT NULL,
  `pub_details` text COLLATE utf8_unicode_ci NOT NULL,
  `pub_cost` int(11) NOT NULL,
  `pub_geolocation` varchar(100) COLLATE utf8_unicode_ci DEFAULT NULL,
  `locality_id` int(10) UNSIGNED NOT NULL,
  `created_at` timestamp NULL DEFAULT NULL,
  `updated_at` timestamp NULL DEFAULT NULL
) ENGINE=InnoDB DEFAULT CHARSET=utf8 COLLATE=utf8_unicode_ci;

-- --------------------------------------------------------

--
-- Table structure for table `pub_images`
--

CREATE TABLE `pub_images` (
  `id` int(10) UNSIGNED NOT NULL,
  `pub_id` int(10) UNSIGNED NOT NULL,
  `pub_images` text COLLATE utf8_unicode_ci NOT NULL,
  `created_at` timestamp NULL DEFAULT NULL,
  `updated_at` timestamp NULL DEFAULT NULL
) ENGINE=InnoDB DEFAULT CHARSET=utf8 COLLATE=utf8_unicode_ci;

-- --------------------------------------------------------

--
-- Table structure for table `roles`
--

CREATE TABLE `roles` (
  `id` int(10) UNSIGNED NOT NULL,
  `name` varchar(191) COLLATE utf8mb4_unicode_ci NOT NULL,
  `display_name` varchar(191) COLLATE utf8mb4_unicode_ci NOT NULL,
  `created_at` timestamp NULL DEFAULT NULL,
  `updated_at` timestamp NULL DEFAULT NULL
) ENGINE=InnoDB DEFAULT CHARSET=utf8mb4 COLLATE=utf8mb4_unicode_ci ROW_FORMAT=DYNAMIC;

--
-- Dumping data for table `roles`
--

INSERT INTO `roles` (`id`, `name`, `display_name`, `created_at`, `updated_at`) VALUES
(1, 'admin', 'Administrator', '2017-05-17 22:11:49', '2017-05-17 22:11:49'),
(2, 'user', 'Normal User', '2017-05-17 22:11:49', '2017-05-17 22:11:49');

-- --------------------------------------------------------

--
-- Table structure for table `settings`
--

CREATE TABLE `settings` (
  `id` int(10) UNSIGNED NOT NULL,
  `key` varchar(191) COLLATE utf8mb4_unicode_ci NOT NULL,
  `display_name` varchar(191) COLLATE utf8mb4_unicode_ci NOT NULL,
  `value` text COLLATE utf8mb4_unicode_ci NOT NULL,
  `details` text COLLATE utf8mb4_unicode_ci,
  `type` varchar(191) COLLATE utf8mb4_unicode_ci NOT NULL,
  `order` int(11) NOT NULL DEFAULT '1'
) ENGINE=InnoDB DEFAULT CHARSET=utf8mb4 COLLATE=utf8mb4_unicode_ci ROW_FORMAT=DYNAMIC;

--
-- Dumping data for table `settings`
--

INSERT INTO `settings` (`id`, `key`, `display_name`, `value`, `details`, `type`, `order`) VALUES
(1, 'title', 'Site Title', 'Boozingoo', '', 'text', 1),
(2, 'description', 'Site Description', 'Let\'s the fun begin', '', 'text', 2),
(3, 'logo', 'Site Logo', '', '', 'image', 3),
(4, 'admin_bg_image', 'Admin Background Image', 'settings/May2017/lhw1COEDz013B6jc1nXh.jpg', '', 'image', 9),
(5, 'admin_title', 'Admin Title', 'Boozingo - Admin pannel', '', 'text', 4),
(6, 'admin_description', 'Admin Description', 'Admin pannel', '', 'text', 5),
(7, 'admin_loader', 'Admin Loader', '', '', 'image', 6),
(8, 'admin_icon_image', 'Admin Icon Image', '', '', 'image', 7),
(9, 'google_analytics_client_id', 'Google Analytics Client ID', '', '', 'text', 9);

-- --------------------------------------------------------

--
-- Table structure for table `translations`
--

CREATE TABLE `translations` (
  `id` int(10) UNSIGNED NOT NULL,
  `table_name` varchar(191) COLLATE utf8mb4_unicode_ci NOT NULL,
  `column_name` varchar(191) COLLATE utf8mb4_unicode_ci NOT NULL,
  `foreign_key` int(10) UNSIGNED NOT NULL,
  `locale` varchar(191) COLLATE utf8mb4_unicode_ci NOT NULL,
  `value` text COLLATE utf8mb4_unicode_ci NOT NULL,
  `created_at` timestamp NULL DEFAULT NULL,
  `updated_at` timestamp NULL DEFAULT NULL
) ENGINE=InnoDB DEFAULT CHARSET=utf8mb4 COLLATE=utf8mb4_unicode_ci ROW_FORMAT=DYNAMIC;

--
-- Dumping data for table `translations`
--

INSERT INTO `translations` (`id`, `table_name`, `column_name`, `foreign_key`, `locale`, `value`, `created_at`, `updated_at`) VALUES
(1, 'data_types', 'display_name_singular', 1, 'pt', 'Post', '2017-05-17 22:11:52', '2017-05-17 22:11:52'),
(2, 'data_types', 'display_name_singular', 2, 'pt', 'Pgina', '2017-05-17 22:11:52', '2017-05-17 22:11:52'),
(3, 'data_types', 'display_name_singular', 3, 'pt', 'Utilizador', '2017-05-17 22:11:52', '2017-05-17 22:11:52'),
(4, 'data_types', 'display_name_singular', 4, 'pt', 'Categoria', '2017-05-17 22:11:53', '2017-05-17 22:11:53'),
(5, 'data_types', 'display_name_singular', 5, 'pt', 'Menu', '2017-05-17 22:11:53', '2017-05-17 22:11:53'),
(6, 'data_types', 'display_name_singular', 6, 'pt', 'Funo', '2017-05-17 22:11:53', '2017-05-17 22:11:53'),
(7, 'data_types', 'display_name_plural', 1, 'pt', 'Posts', '2017-05-17 22:11:53', '2017-05-17 22:11:53'),
(8, 'data_types', 'display_name_plural', 2, 'pt', 'Pginas', '2017-05-17 22:11:53', '2017-05-17 22:11:53'),
(9, 'data_types', 'display_name_plural', 3, 'pt', 'Utilizadores', '2017-05-17 22:11:53', '2017-05-17 22:11:53'),
(10, 'data_types', 'display_name_plural', 4, 'pt', 'Categorias', '2017-05-17 22:11:53', '2017-05-17 22:11:53'),
(11, 'data_types', 'display_name_plural', 5, 'pt', 'Menus', '2017-05-17 22:11:53', '2017-05-17 22:11:53'),
(12, 'data_types', 'display_name_plural', 6, 'pt', 'Funes', '2017-05-17 22:11:53', '2017-05-17 22:11:53'),
(13, 'pages', 'title', 1, 'pt', 'Ol Mundo', '2017-05-17 22:11:53', '2017-05-17 22:11:53'),
(14, 'pages', 'slug', 1, 'pt', 'ola-mundo', '2017-05-17 22:11:53', '2017-05-17 22:11:53'),
(15, 'pages', 'body', 1, 'pt', '<p>Ol Mundo. Scallywag grog swab Cat o\'nine tails scuttle rigging hardtack cable nipper Yellow Jack. Handsomely spirits knave lad killick landlubber or just lubber deadlights chantey pinnace crack Jennys tea cup. Provost long clothes black spot Yellow Jack bilged on her anchor league lateen sail case shot lee tackle.</p>\r\n<p>Ballast spirits fluke topmast me quarterdeck schooner landlubber or just lubber gabion belaying pin. Pinnace stern galleon starboard warp carouser to go on account dance the hempen jig jolly boat measured fer yer chains. Man-of-war fire in the hole nipperkin handsomely doubloon barkadeer Brethren of the Coast gibbet driver squiffy.</p>', '2017-05-17 22:11:53', '2017-05-17 22:11:53'),
(16, 'menu_items', 'title', 1, 'pt', 'Painel de Controle', '2017-05-17 22:11:53', '2017-05-17 22:11:53'),
(17, 'menu_items', 'title', 2, 'pt', 'Media', '2017-05-17 22:11:53', '2017-05-17 22:11:53'),
(18, 'menu_items', 'title', 3, 'pt', 'Publicaes', '2017-05-17 22:11:53', '2017-05-17 22:11:53'),
(19, 'menu_items', 'title', 4, 'pt', 'Utilizadores', '2017-05-17 22:11:53', '2017-05-17 22:11:53'),
(20, 'menu_items', 'title', 5, 'pt', 'Categorias', '2017-05-17 22:11:53', '2017-05-17 22:11:53'),
(21, 'menu_items', 'title', 6, 'pt', 'Pginas', '2017-05-17 22:11:53', '2017-05-17 22:11:53'),
(22, 'menu_items', 'title', 7, 'pt', 'Funes', '2017-05-17 22:11:53', '2017-05-17 22:11:53'),
(23, 'menu_items', 'title', 8, 'pt', 'Ferramentas', '2017-05-17 22:11:53', '2017-05-17 22:11:53'),
(24, 'menu_items', 'title', 9, 'pt', 'Menus', '2017-05-17 22:11:53', '2017-05-17 22:11:53'),
(25, 'menu_items', 'title', 10, 'pt', 'Base de dados', '2017-05-17 22:11:53', '2017-05-17 22:11:53'),
(26, 'menu_items', 'title', 11, 'pt', 'Configuraes', '2017-05-17 22:11:53', '2017-05-17 22:11:53');

-- --------------------------------------------------------

--
-- Table structure for table `users`
--

CREATE TABLE `users` (
  `id` int(10) UNSIGNED NOT NULL,
  `role_id` int(11) DEFAULT NULL,
  `name` varchar(191) COLLATE utf8mb4_unicode_ci NOT NULL,
  `email` varchar(191) COLLATE utf8mb4_unicode_ci NOT NULL,
  `avatar` varchar(191) COLLATE utf8mb4_unicode_ci DEFAULT NULL,
  `password` varchar(191) COLLATE utf8mb4_unicode_ci NOT NULL,
  `remember_token` varchar(100) COLLATE utf8mb4_unicode_ci DEFAULT NULL,
  `created_at` timestamp NULL DEFAULT NULL,
  `updated_at` timestamp NULL DEFAULT NULL
) ENGINE=InnoDB DEFAULT CHARSET=utf8mb4 COLLATE=utf8mb4_unicode_ci ROW_FORMAT=DYNAMIC;

--
-- Dumping data for table `users`
--

INSERT INTO `users` (`id`, `role_id`, `name`, `email`, `avatar`, `password`, `remember_token`, `created_at`, `updated_at`) VALUES
(1, 1, 'boozingo', 'superuser@gmail.com', 'users/default.png', '$2y$10$yYRcwHHgkUm5IOe9r8rP9OlLcdtJAQaSuFJ.j/BKWF.iuQu4aABpS', 'uYzQUiyuWCZg1tcBe7UTEFsQ2Aq9IxVWbZCCojGzL0sgJuR3akFtUcvBnIcr', '2017-05-17 22:11:52', '2017-05-18 01:50:13'),
(2, 1, 'pradeep pandey', 'pradeep@gmail.com', 'users/default.png', '$2y$10$qJ87GMA4MATn6.aHFrrs5OfMMDU1PNMasrNY2dX6kJkL3HLH.QhNG', NULL, '2017-05-18 01:53:18', '2017-05-18 01:53:18');

--
-- Indexes for dumped tables
--

--
-- Indexes for table `bars`
--
ALTER TABLE `bars`
  ADD PRIMARY KEY (`id`),
  ADD KEY `locality_id` (`locality_id`);

--
-- Indexes for table `bar_images`
--
ALTER TABLE `bar_images`
  ADD PRIMARY KEY (`id`),
  ADD KEY `bar_id` (`bar_id`);

--
-- Indexes for table `beer_shops`
--
ALTER TABLE `beer_shops`
  ADD PRIMARY KEY (`id`),
  ADD UNIQUE KEY `beer_shops_beer_shops_geolocation_unique` (`beer_shop_geolocation`),
  ADD KEY `locality_id` (`locality_id`);

--
-- Indexes for table `beer_shops_images`
--
ALTER TABLE `beer_shops_images`
  ADD PRIMARY KEY (`id`),
  ADD KEY `beer_shop_id` (`beer_shop_id`);

--
-- Indexes for table `categories`
--
ALTER TABLE `categories`
  ADD PRIMARY KEY (`id`),
  ADD UNIQUE KEY `categories_slug_unique` (`slug`),
  ADD KEY `categories_parent_id_foreign` (`parent_id`);

--
-- Indexes for table `cities`
--
ALTER TABLE `cities`
  ADD PRIMARY KEY (`id`);

--
-- Indexes for table `data_rows`
--
ALTER TABLE `data_rows`
  ADD PRIMARY KEY (`id`),
  ADD KEY `data_rows_data_type_id_foreign` (`data_type_id`);

--
-- Indexes for table `data_types`
--
ALTER TABLE `data_types`
  ADD PRIMARY KEY (`id`),
  ADD UNIQUE KEY `data_types_name_unique` (`name`),
  ADD UNIQUE KEY `data_types_slug_unique` (`slug`);

--
-- Indexes for table `liquor_shops`
--
ALTER TABLE `liquor_shops`
  ADD PRIMARY KEY (`id`),
  ADD UNIQUE KEY `liquor_shops_liquor_shop_geolocation_unique` (`liquor_shop_geolocation`),
  ADD KEY `locality_id` (`locality_id`);

--
-- Indexes for table `liquor_shop_images`
--
ALTER TABLE `liquor_shop_images`
  ADD PRIMARY KEY (`id`),
  ADD KEY `Liquor_shop_id` (`Liquor_shop_id`);

--
-- Indexes for table `localities`
--
ALTER TABLE `localities`
  ADD PRIMARY KEY (`id`),
  ADD KEY `city_id` (`city_id`);

--
-- Indexes for table `lounges`
--
ALTER TABLE `lounges`
  ADD PRIMARY KEY (`id`),
  ADD UNIQUE KEY `lounges_lounge_geolocation_unique` (`lounge_geolocation`),
  ADD KEY `locality_id` (`locality_id`);

--
-- Indexes for table `lounge_images`
--
ALTER TABLE `lounge_images`
  ADD PRIMARY KEY (`id`),
  ADD KEY `lounge_id` (`lounge_id`);

--
-- Indexes for table `main_images`
--
ALTER TABLE `main_images`
  ADD PRIMARY KEY (`id`);

--
-- Indexes for table `menus`
--
ALTER TABLE `menus`
  ADD PRIMARY KEY (`id`),
  ADD UNIQUE KEY `menus_name_unique` (`name`);

--
-- Indexes for table `menu_items`
--
ALTER TABLE `menu_items`
  ADD PRIMARY KEY (`id`),
  ADD KEY `menu_items_menu_id_foreign` (`menu_id`);

--
-- Indexes for table `migrations`
--
ALTER TABLE `migrations`
  ADD PRIMARY KEY (`id`);

--
-- Indexes for table `model_shops`
--
ALTER TABLE `model_shops`
  ADD PRIMARY KEY (`id`),
  ADD UNIQUE KEY `model_shops_model_geolocation_unique` (`model_shop_geolocation`),
  ADD KEY `locality_id` (`locality_id`);

--
-- Indexes for table `model_shop_images`
--
ALTER TABLE `model_shop_images`
  ADD PRIMARY KEY (`id`),
  ADD KEY `model_shop_id` (`model_shop_id`);

--
-- Indexes for table `night_clubs`
--
ALTER TABLE `night_clubs`
  ADD PRIMARY KEY (`id`),
  ADD KEY `night_clubs_location_id_index` (`locality_id`);

--
-- Indexes for table `night_club_images`
--
ALTER TABLE `night_club_images`
  ADD PRIMARY KEY (`id`),
  ADD KEY `night_club_images_night_club_id_index` (`night_club_id`);

--
-- Indexes for table `pages`
--
ALTER TABLE `pages`
  ADD PRIMARY KEY (`id`),
  ADD UNIQUE KEY `pages_slug_unique` (`slug`);

--
-- Indexes for table `password_resets`
--
ALTER TABLE `password_resets`
  ADD KEY `password_resets_email_index` (`email`);

--
-- Indexes for table `permissions`
--
ALTER TABLE `permissions`
  ADD PRIMARY KEY (`id`),
  ADD KEY `permissions_key_index` (`key`);

--
-- Indexes for table `permission_groups`
--
ALTER TABLE `permission_groups`
  ADD PRIMARY KEY (`id`),
  ADD UNIQUE KEY `permission_groups_name_unique` (`name`);

--
-- Indexes for table `permission_role`
--
ALTER TABLE `permission_role`
  ADD PRIMARY KEY (`permission_id`,`role_id`),
  ADD KEY `permission_role_permission_id_index` (`permission_id`),
  ADD KEY `permission_role_role_id_index` (`role_id`);

--
-- Indexes for table `posts`
--
ALTER TABLE `posts`
  ADD PRIMARY KEY (`id`),
  ADD UNIQUE KEY `posts_slug_unique` (`slug`);

--
-- Indexes for table `pubs`
--
ALTER TABLE `pubs`
  ADD PRIMARY KEY (`id`),
  ADD UNIQUE KEY `pubs_pub_geolocation_unique` (`pub_geolocation`),
  ADD KEY `locality_id` (`locality_id`);

--
-- Indexes for table `pub_images`
--
ALTER TABLE `pub_images`
  ADD PRIMARY KEY (`id`),
  ADD KEY `pub_id` (`pub_id`);

--
-- Indexes for table `roles`
--
ALTER TABLE `roles`
  ADD PRIMARY KEY (`id`),
  ADD UNIQUE KEY `roles_name_unique` (`name`);

--
-- Indexes for table `settings`
--
ALTER TABLE `settings`
  ADD PRIMARY KEY (`id`),
  ADD UNIQUE KEY `settings_key_unique` (`key`);

--
-- Indexes for table `translations`
--
ALTER TABLE `translations`
  ADD PRIMARY KEY (`id`),
  ADD UNIQUE KEY `translations_table_name_column_name_foreign_key_locale_unique` (`table_name`,`column_name`,`foreign_key`,`locale`);

--
-- Indexes for table `users`
--
ALTER TABLE `users`
  ADD PRIMARY KEY (`id`),
  ADD UNIQUE KEY `users_email_unique` (`email`);

--
-- AUTO_INCREMENT for dumped tables
--

--
-- AUTO_INCREMENT for table `bars`
--
ALTER TABLE `bars`
  MODIFY `id` int(10) UNSIGNED NOT NULL AUTO_INCREMENT;
--
-- AUTO_INCREMENT for table `bar_images`
--
ALTER TABLE `bar_images`
  MODIFY `id` int(10) UNSIGNED NOT NULL AUTO_INCREMENT;
--
-- AUTO_INCREMENT for table `beer_shops`
--
ALTER TABLE `beer_shops`
  MODIFY `id` int(10) UNSIGNED NOT NULL AUTO_INCREMENT;
--
-- AUTO_INCREMENT for table `beer_shops_images`
--
ALTER TABLE `beer_shops_images`
  MODIFY `id` int(10) UNSIGNED NOT NULL AUTO_INCREMENT;
--
-- AUTO_INCREMENT for table `categories`
--
ALTER TABLE `categories`
  MODIFY `id` int(10) UNSIGNED NOT NULL AUTO_INCREMENT;
--
-- AUTO_INCREMENT for table `cities`
--
ALTER TABLE `cities`
  MODIFY `id` int(10) UNSIGNED NOT NULL AUTO_INCREMENT, AUTO_INCREMENT=4;
--
-- AUTO_INCREMENT for table `data_rows`
--
ALTER TABLE `data_rows`
  MODIFY `id` int(10) UNSIGNED NOT NULL AUTO_INCREMENT, AUTO_INCREMENT=267;
--
-- AUTO_INCREMENT for table `data_types`
--
ALTER TABLE `data_types`
  MODIFY `id` int(10) UNSIGNED NOT NULL AUTO_INCREMENT, AUTO_INCREMENT=36;
--
-- AUTO_INCREMENT for table `liquor_shops`
--
ALTER TABLE `liquor_shops`
  MODIFY `id` int(10) UNSIGNED NOT NULL AUTO_INCREMENT;
--
-- AUTO_INCREMENT for table `liquor_shop_images`
--
ALTER TABLE `liquor_shop_images`
  MODIFY `id` int(10) UNSIGNED NOT NULL AUTO_INCREMENT;
--
-- AUTO_INCREMENT for table `localities`
--
ALTER TABLE `localities`
  MODIFY `id` int(10) UNSIGNED NOT NULL AUTO_INCREMENT;
--
-- AUTO_INCREMENT for table `lounges`
--
ALTER TABLE `lounges`
  MODIFY `id` int(10) UNSIGNED NOT NULL AUTO_INCREMENT;
--
-- AUTO_INCREMENT for table `lounge_images`
--
ALTER TABLE `lounge_images`
  MODIFY `id` int(10) UNSIGNED NOT NULL AUTO_INCREMENT;
--
-- AUTO_INCREMENT for table `main_images`
--
ALTER TABLE `main_images`
  MODIFY `id` int(10) UNSIGNED NOT NULL AUTO_INCREMENT, AUTO_INCREMENT=7;
--
-- AUTO_INCREMENT for table `menus`
--
ALTER TABLE `menus`
  MODIFY `id` int(10) UNSIGNED NOT NULL AUTO_INCREMENT, AUTO_INCREMENT=2;
--
-- AUTO_INCREMENT for table `menu_items`
--
ALTER TABLE `menu_items`
  MODIFY `id` int(10) UNSIGNED NOT NULL AUTO_INCREMENT, AUTO_INCREMENT=35;
--
-- AUTO_INCREMENT for table `migrations`
--
ALTER TABLE `migrations`
  MODIFY `id` int(10) UNSIGNED NOT NULL AUTO_INCREMENT, AUTO_INCREMENT=21;
--
-- AUTO_INCREMENT for table `model_shops`
--
ALTER TABLE `model_shops`
  MODIFY `id` int(10) UNSIGNED NOT NULL AUTO_INCREMENT;
--
-- AUTO_INCREMENT for table `model_shop_images`
--
ALTER TABLE `model_shop_images`
  MODIFY `id` int(10) UNSIGNED NOT NULL AUTO_INCREMENT;
--
-- AUTO_INCREMENT for table `night_clubs`
--
ALTER TABLE `night_clubs`
  MODIFY `id` int(10) UNSIGNED NOT NULL AUTO_INCREMENT;
--
-- AUTO_INCREMENT for table `night_club_images`
--
ALTER TABLE `night_club_images`
  MODIFY `id` int(10) UNSIGNED NOT NULL AUTO_INCREMENT;
--
-- AUTO_INCREMENT for table `pages`
--
ALTER TABLE `pages`
  MODIFY `id` int(10) UNSIGNED NOT NULL AUTO_INCREMENT;
--
-- AUTO_INCREMENT for table `permissions`
--
ALTER TABLE `permissions`
  MODIFY `id` int(10) UNSIGNED NOT NULL AUTO_INCREMENT, AUTO_INCREMENT=175;
--
-- AUTO_INCREMENT for table `permission_groups`
--
ALTER TABLE `permission_groups`
  MODIFY `id` int(10) UNSIGNED NOT NULL AUTO_INCREMENT;
--
-- AUTO_INCREMENT for table `posts`
--
ALTER TABLE `posts`
  MODIFY `id` int(10) UNSIGNED NOT NULL AUTO_INCREMENT;
--
-- AUTO_INCREMENT for table `pubs`
--
ALTER TABLE `pubs`
  MODIFY `id` int(10) UNSIGNED NOT NULL AUTO_INCREMENT;
--
-- AUTO_INCREMENT for table `pub_images`
--
ALTER TABLE `pub_images`
  MODIFY `id` int(10) UNSIGNED NOT NULL AUTO_INCREMENT;
--
-- AUTO_INCREMENT for table `roles`
--
ALTER TABLE `roles`
  MODIFY `id` int(10) UNSIGNED NOT NULL AUTO_INCREMENT, AUTO_INCREMENT=3;
--
-- AUTO_INCREMENT for table `settings`
--
ALTER TABLE `settings`
  MODIFY `id` int(10) UNSIGNED NOT NULL AUTO_INCREMENT, AUTO_INCREMENT=10;
--
-- AUTO_INCREMENT for table `translations`
--
ALTER TABLE `translations`
  MODIFY `id` int(10) UNSIGNED NOT NULL AUTO_INCREMENT, AUTO_INCREMENT=27;
--
-- AUTO_INCREMENT for table `users`
--
ALTER TABLE `users`
  MODIFY `id` int(10) UNSIGNED NOT NULL AUTO_INCREMENT, AUTO_INCREMENT=3;
--
-- Constraints for dumped tables
--

--
-- Constraints for table `bars`
--
ALTER TABLE `bars`
  ADD CONSTRAINT `bars_ibfk_1` FOREIGN KEY (`locality_id`) REFERENCES `localities` (`id`);

--
-- Constraints for table `bar_images`
--
ALTER TABLE `bar_images`
  ADD CONSTRAINT `bar_images_ibfk_1` FOREIGN KEY (`bar_id`) REFERENCES `bars` (`id`);

--
-- Constraints for table `beer_shops`
--
ALTER TABLE `beer_shops`
  ADD CONSTRAINT `beer_shops_ibfk_1` FOREIGN KEY (`locality_id`) REFERENCES `localities` (`id`);

--
-- Constraints for table `beer_shops_images`
--
ALTER TABLE `beer_shops_images`
  ADD CONSTRAINT `beer_shops_images_ibfk_1` FOREIGN KEY (`beer_shop_id`) REFERENCES `beer_shops` (`id`);

--
-- Constraints for table `categories`
--
ALTER TABLE `categories`
  ADD CONSTRAINT `categories_parent_id_foreign` FOREIGN KEY (`parent_id`) REFERENCES `categories` (`id`) ON DELETE SET NULL ON UPDATE CASCADE;

--
-- Constraints for table `data_rows`
--
ALTER TABLE `data_rows`
  ADD CONSTRAINT `data_rows_data_type_id_foreign` FOREIGN KEY (`data_type_id`) REFERENCES `data_types` (`id`) ON DELETE CASCADE ON UPDATE CASCADE;

--
-- Constraints for table `liquor_shops`
--
ALTER TABLE `liquor_shops`
  ADD CONSTRAINT `liquor_shops_ibfk_1` FOREIGN KEY (`locality_id`) REFERENCES `localities` (`id`);

--
-- Constraints for table `liquor_shop_images`
--
ALTER TABLE `liquor_shop_images`
  ADD CONSTRAINT `liquor_shop_images_ibfk_1` FOREIGN KEY (`Liquor_shop_id`) REFERENCES `liquor_shops` (`id`);

--
-- Constraints for table `localities`
--
ALTER TABLE `localities`
  ADD CONSTRAINT `localities_ibfk_1` FOREIGN KEY (`city_id`) REFERENCES `cities` (`id`);

--
-- Constraints for table `lounges`
--
ALTER TABLE `lounges`
  ADD CONSTRAINT `lounges_ibfk_1` FOREIGN KEY (`locality_id`) REFERENCES `localities` (`id`);

--
-- Constraints for table `lounge_images`
--
ALTER TABLE `lounge_images`
  ADD CONSTRAINT `lounge_images_ibfk_1` FOREIGN KEY (`lounge_id`) REFERENCES `lounges` (`id`);

--
-- Constraints for table `menu_items`
--
ALTER TABLE `menu_items`
  ADD CONSTRAINT `menu_items_menu_id_foreign` FOREIGN KEY (`menu_id`) REFERENCES `menus` (`id`) ON DELETE CASCADE;

--
-- Constraints for table `model_shops`
--
ALTER TABLE `model_shops`
  ADD CONSTRAINT `model_shops_ibfk_1` FOREIGN KEY (`locality_id`) REFERENCES `localities` (`id`);

--
-- Constraints for table `model_shop_images`
--
ALTER TABLE `model_shop_images`
  ADD CONSTRAINT `model_shop_images_ibfk_1` FOREIGN KEY (`model_shop_id`) REFERENCES `model_shops` (`id`);

--
-- Constraints for table `permission_role`
--
ALTER TABLE `permission_role`
  ADD CONSTRAINT `permission_role_permission_id_foreign` FOREIGN KEY (`permission_id`) REFERENCES `permissions` (`id`) ON DELETE CASCADE,
  ADD CONSTRAINT `permission_role_role_id_foreign` FOREIGN KEY (`role_id`) REFERENCES `roles` (`id`) ON DELETE CASCADE;

--
-- Constraints for table `pubs`
--
ALTER TABLE `pubs`
  ADD CONSTRAINT `pubs_ibfk_1` FOREIGN KEY (`locality_id`) REFERENCES `localities` (`id`);

--
-- Constraints for table `pub_images`
--
ALTER TABLE `pub_images`
  ADD CONSTRAINT `pub_images_ibfk_1` FOREIGN KEY (`pub_id`) REFERENCES `pubs` (`id`);

/*!40101 SET CHARACTER_SET_CLIENT=@OLD_CHARACTER_SET_CLIENT */;
/*!40101 SET CHARACTER_SET_RESULTS=@OLD_CHARACTER_SET_RESULTS */;
/*!40101 SET COLLATION_CONNECTION=@OLD_COLLATION_CONNECTION */;
